filename,label,cx,cy,area
frame_000000.png,2,140,197,10913.500
frame_000001.png,2,135,197,10913.000
frame_000002.png,2,132,197,10926.500
frame_000003.png,2,130,197,10924.000
frame_000004.png,2,128,197,10921.500
frame_000005.png,2,126,197,10925.000
frame_000006.png,2,125,197,10946.000
frame_000007.png,2,123,197,10943.500
frame_000008.png,2,121,197,10947.000
frame_000009.png,2,118,197,10954.000
frame_000010.png,2,116,197,10953.500
frame_000011.png,2,115,197,10958.500
frame_000012.png,2,115,198,10939.500
frame_000013.png,2,115,198,10934.000
frame_000014.png,2,115,198,10928.000
frame_000015.png,2,115,198,10936.500
frame_000016.png,2,115,198,10937.500
frame_000017.png,2,116,198,10939.000
frame_000018.png,2,116,198,10937.000
frame_000019.png,2,116,198,10935.000
frame_000020.png,2,115,198,10935.500
frame_000021.png,2,115,198,10935.000
frame_000022.png,2,115,198,10935.000
frame_000023.png,2,115,198,10929.500
frame_000024.png,2,115,198,10930.500
frame_000025.png,2,115,198,10930.500
frame_000026.png,2,115,198,10932.000
frame_000027.png,2,116,198,10934.500
frame_000028.png,2,116,198,10945.000
frame_000029.png,2,117,198,10937.500
frame_000030.png,2,117,198,10929.000
frame_000031.png,2,117,198,10936.500
frame_000032.png,2,116,198,10937.000
frame_000033.png,2,116,198,10935.500
frame_000034.png,2,116,198,10938.000
frame_000035.png,2,116,198,10939.000
frame_000036.png,2,116,198,10942.000
frame_000037.png,2,116,198,10943.000
frame_000038.png,2,116,198,10948.000
frame_000039.png,2,117,198,10942.500
frame_000040.png,2,117,198,10941.000
frame_000041.png,2,118,198,10956.000
frame_000042.png,2,117,198,10954.000
frame_000043.png,2,116,198,10954.000
frame_000044.png,2,115,198,10954.000
frame_000045.png,2,115,198,10956.500
frame_000046.png,2,115,198,10958.500
frame_000047.png,2,114,198,10953.000
frame_000048.png,2,114,198,10958.500
frame_000049.png,2,114,198,10962.000
frame_000050.png,2,114,198,10962.500
frame_000051.png,2,114,198,10961.500
frame_000052.png,2,114,198,10970.500
frame_000053.png,2,114,198,10969.500
frame_000054.png,2,115,198,10967.500
frame_000055.png,2,115,198,10968.500
frame_000056.png,2,115,198,10968.500
frame_000057.png,2,114,198,10961.000
frame_000058.png,2,121,198,10943.500
frame_000059.png,2,119,198,10943.500
frame_000060.png,2,117,198,10955.000
frame_000061.png,2,116,198,10958.000
frame_000062.png,2,116,198,10968.000
frame_000063.png,2,115,198,10974.000
frame_000064.png,2,107,198,10997.000
frame_000065.png,2,116,198,10976.000
frame_000066.png,2,116,198,10975.000
frame_000067.png,2,116,198,10975.000
frame_000068.png,2,116,198,10980.000
frame_000069.png,2,115,198,10982.000
frame_000070.png,2,115,198,10982.500
frame_000071.png,2,107,198,11003.500
frame_000072.png,2,114,198,10985.500
frame_000073.png,2,107,198,11002.500
frame_000074.png,2,108,198,11010.500
frame_000075.png,2,108,198,11013.500
frame_000076.png,2,109,198,11011.500
frame_000077.png,2,110,198,11013.000
frame_000078.png,2,111,198,11002.500
frame_000079.png,2,112,198,11009.000
frame_000080.png,2,113,198,11019.000
frame_000081.png,2,114,198,11016.000
frame_000082.png,2,114,198,11011.000
frame_000083.png,2,113,198,11018.000
frame_000084.png,2,113,198,11013.000
frame_000085.png,2,111,197,11027.000
frame_000086.png,2,111,197,11029.500
frame_000087.png,2,111,197,11039.500
frame_000088.png,2,112,197,11040.500
frame_000089.png,2,113,197,11047.000
frame_000090.png,2,113,197,11062.000
frame_000091.png,2,114,197,11057.000
frame_000092.png,2,114,197,11056.000
frame_000093.png,2,115,197,11057.500
frame_000094.png,2,115,197,11064.000
frame_000095.png,2,115,197,11057.500
frame_000096.png,2,115,197,11060.500
frame_000097.png,2,114,197,11064.000
frame_000098.png,2,114,196,11072.500
frame_000099.png,2,114,195,11080.500
frame_000100.png,2,114,195,11090.500
frame_000101.png,2,114,195,11102.000
frame_000102.png,2,114,195,11112.500
frame_000103.png,2,115,195,11126.500
frame_000104.png,2,115,195,11131.000
frame_000105.png,2,115,195,11152.000
frame_000106.png,2,115,195,11162.000
frame_000107.png,2,115,195,11165.000
frame_000108.png,2,114,195,11166.500
frame_000109.png,2,113,195,11171.000
frame_000110.png,2,113,195,11182.500
frame_000111.png,2,112,195,11185.500
frame_000112.png,2,112,195,11186.000
frame_000113.png,2,113,195,11193.500
frame_000114.png,2,113,195,11188.000
frame_000115.png,2,114,195,11199.500
frame_000116.png,2,114,195,11208.500
frame_000117.png,2,115,195,11223.500
frame_000118.png,2,115,195,11235.500
frame_000119.png,2,115,195,11240.500
frame_000120.png,2,114,195,11239.000
frame_000121.png,2,113,195,11233.000
frame_000122.png,2,113,195,11236.000
frame_000123.png,2,113,195,11228.000
frame_000124.png,2,112,195,11238.000
frame_000125.png,2,112,195,11239.500
frame_000126.png,2,112,195,11232.000
frame_000127.png,2,112,195,11239.500
frame_000128.png,2,112,195,11245.000
frame_000129.png,2,112,195,11257.500
frame_000130.png,2,112,195,11280.000
frame_000131.png,2,113,195,11286.500
frame_000132.png,2,113,195,11284.500
frame_000133.png,2,111,195,11265.000
frame_000134.png,2,111,195,11261.500
frame_000135.png,2,110,195,11266.500
frame_000136.png,2,109,195,11254.000
frame_000137.png,2,107,195,11244.500
frame_000138.png,2,105,195,11240.500
frame_000139.png,2,105,195,11236.500
frame_000140.png,2,104,195,11248.000
frame_000141.png,2,104,195,11233.000
frame_000142.png,2,105,195,11240.500
frame_000143.png,2,105,195,11258.000
frame_000144.png,2,104,195,11247.000
frame_000145.png,1,102,195,11219.500
frame_000146.png,1,101,195,11197.000
frame_000147.png,1,101,195,11176.000
frame_000148.png,1,100,195,11168.500
frame_000149.png,1,102,195,11134.000
frame_000150.png,2,104,195,11127.500
frame_000151.png,2,104,195,11107.500
frame_000152.png,2,104,195,11094.500
frame_000153.png,2,105,195,11097.500
frame_000154.png,2,106,195,11089.500
frame_000155.png,2,107,195,11089.500
frame_000156.png,2,107,195,11092.000
frame_000157.png,2,106,195,11087.500
frame_000158.png,2,106,195,11064.500
frame_000159.png,2,104,195,11049.500
frame_000160.png,2,104,195,11045.000
frame_000161.png,2,104,195,11038.500
frame_000162.png,2,104,195,11023.000
frame_000163.png,2,104,195,11022.500
frame_000164.png,2,105,195,11016.500
frame_000165.png,2,106,195,11010.000
frame_000166.png,2,106,195,11006.500
frame_000167.png,2,107,195,10996.500
frame_000168.png,2,108,195,11010.500
frame_000169.png,2,109,195,10998.500
frame_000170.png,2,109,195,10998.500
frame_000171.png,2,108,195,10991.000
frame_000172.png,2,108,195,10982.000
frame_000173.png,2,107,195,10977.500
frame_000174.png,2,108,195,10965.500
frame_000175.png,2,108,195,10956.000
frame_000176.png,2,108,195,10959.000
frame_000177.png,2,109,195,10958.500
frame_000178.png,2,109,195,10954.000
frame_000179.png,2,110,195,10947.000
frame_000180.png,2,111,195,10950.000
frame_000181.png,2,112,195,10945.500
frame_000182.png,2,113,195,10936.500
frame_000183.png,2,113,195,10940.000
frame_000184.png,2,112,195,10935.000
frame_000185.png,2,112,195,10926.500
frame_000186.png,2,112,195,10935.500
frame_000187.png,2,113,196,10925.500
frame_000188.png,2,113,196,10933.500
frame_000189.png,2,114,196,10924.000
frame_000190.png,2,114,196,10932.500
frame_000191.png,2,115,196,10930.500
frame_000192.png,2,115,196,10932.500
frame_000193.png,2,116,196,10930.000
frame_000194.png,2,116,196,10930.500
frame_000195.png,2,117,196,10936.000
frame_000196.png,2,118,196,10936.500
frame_000197.png,2,117,196,10933.000
frame_000198.png,2,118,196,10942.000
frame_000199.png,2,117,196,10943.000
frame_000200.png,2,117,196,10941.500
frame_000201.png,2,118,196,10950.000
frame_000202.png,2,118,196,10950.000
frame_000203.png,2,118,196,10957.000
frame_000204.png,2,118,196,10955.500
frame_000205.png,2,118,196,10952.500
frame_000206.png,2,118,196,10969.500
frame_000207.png,2,118,196,10977.500
frame_000208.png,2,119,196,10982.000
frame_000209.png,2,119,196,10993.000
frame_000210.png,2,119,196,10994.000
frame_000211.png,2,120,196,11007.500
frame_000212.png,2,120,196,11010.500
frame_000213.png,2,121,196,11018.500
frame_000214.png,2,121,196,11008.500
frame_000215.png,2,122,196,11038.500
frame_000216.png,2,122,196,11051.500
frame_000217.png,2,123,196,11074.000
frame_000218.png,2,124,196,11075.500
frame_000219.png,2,125,196,11091.500
frame_000220.png,2,127,196,11096.000
frame_000221.png,2,128,196,11109.500
frame_000222.png,2,129,196,11108.000
frame_000223.png,2,130,196,11116.000
frame_000224.png,2,131,196,11116.500
frame_000225.png,2,132,197,11126.000
frame_000226.png,2,133,197,11134.500
frame_000227.png,2,133,197,11152.500
frame_000228.png,2,134,197,11168.000
frame_000229.png,2,134,197,11193.500
frame_000230.png,2,136,197,11197.500
frame_000231.png,2,138,197,11200.000
frame_000232.png,2,139,197,11190.000
frame_000233.png,2,140,197,11195.500
frame_000234.png,2,140,197,11182.500
frame_000235.png,2,140,197,11174.500
frame_000236.png,2,140,197,11173.000
frame_000237.png,2,140,197,11179.000
frame_000238.png,2,139,197,11175.500
frame_000239.png,2,139,197,11182.500
frame_000240.png,2,138,197,11192.500
frame_000241.png,2,139,197,11198.500
frame_000242.png,2,140,197,11190.500
frame_000243.png,2,141,197,11183.000
frame_000244.png,2,142,197,11180.000
frame_000245.png,2,142,197,11162.000
frame_000246.png,2,142,197,11162.500
frame_000247.png,2,141,197,11142.000
frame_000248.png,2,141,197,11129.500
frame_000249.png,2,141,197,11126.000
frame_000250.png,2,140,197,11124.500
frame_000251.png,2,140,197,11126.000
frame_000252.png,2,139,197,11141.000
frame_000253.png,2,139,197,11136.000
frame_000254.png,2,139,197,11129.000
frame_000255.png,2,140,197,11113.000
frame_000256.png,2,141,197,11109.500
frame_000257.png,2,141,197,11095.500
frame_000258.png,2,140,197,11084.500
frame_000259.png,2,140,197,11074.000
frame_000260.png,2,140,197,11071.500
frame_000261.png,2,139,197,11036.000
frame_000262.png,2,139,197,11051.500
frame_000263.png,2,139,198,11038.000
frame_000264.png,2,138,198,11035.000
frame_000265.png,2,138,198,11030.500
frame_000266.png,2,138,198,11036.000
frame_000267.png,2,139,198,11027.000
frame_000268.png,2,140,198,11031.500
frame_000269.png,2,140,198,11014.000
frame_000270.png,2,139,198,11005.000
frame_000271.png,2,139,198,10987.000
frame_000272.png,2,139,198,10984.500
frame_000273.png,2,138,198,10974.500
frame_000274.png,2,137,198,10977.500
frame_000275.png,2,138,198,10972.000
frame_000276.png,2,138,198,10969.500
frame_000277.png,2,138,198,10965.500
frame_000278.png,2,138,198,10963.000
frame_000279.png,2,138,198,10943.000
frame_000280.png,2,138,198,10943.000
frame_000281.png,2,138,198,10942.500
frame_000282.png,2,138,198,10939.000
frame_000283.png,2,138,198,10939.500
frame_000284.png,2,138,198,10934.000
frame_000285.png,2,138,198,10930.000
frame_000286.png,2,138,198,10929.000
frame_000287.png,2,138,198,10926.500
frame_000288.png,2,137,198,10927.000
frame_000289.png,2,137,198,10923.000
frame_000290.png,2,137,198,10929.000
frame_000291.png,2,136,198,10921.000
frame_000292.png,2,136,198,10915.000
frame_000293.png,2,135,199,10890.500
frame_000294.png,2,135,199,10896.500
frame_000295.png,2,134,199,10897.000
frame_000296.png,2,133,199,10900.000
frame_000297.png,2,132,199,10905.500
frame_000298.png,2,132,199,10912.000
frame_000299.png,2,131,199,10914.500
frame_000300.png,2,127,199,10930.500
frame_000301.png,2,123,199,10935.500
frame_000302.png,2,121,199,10942.000
frame_000303.png,2,118,199,10958.000
frame_000304.png,2,116,199,10964.000
frame_000305.png,2,115,199,10967.500
frame_000306.png,2,114,199,10972.000
frame_000307.png,2,113,199,10976.000
frame_000308.png,2,112,199,10991.000
frame_000309.png,2,126,199,10946.500
frame_000310.png,2,125,199,10953.500
frame_000311.png,2,120,199,10966.500
frame_000312.png,2,118,199,10981.000
frame_000313.png,2,117,199,10988.500
frame_000314.png,2,115,199,10999.000
frame_000315.png,2,115,199,11013.500
frame_000316.png,2,116,199,11013.000
frame_000317.png,2,117,199,11017.000
frame_000318.png,2,119,199,11013.000
frame_000319.png,2,119,199,11009.000
frame_000320.png,2,119,199,11010.500
frame_000321.png,2,118,200,11011.500
frame_000322.png,2,119,200,11022.500
frame_000323.png,2,118,200,11031.000
frame_000324.png,2,119,200,11034.000
frame_000325.png,2,119,200,11041.500
frame_000326.png,2,119,200,11050.000
frame_000327.png,2,118,200,11048.000
frame_000328.png,2,119,200,11057.500
frame_000329.png,2,119,200,11066.000
frame_000330.png,2,119,200,11068.500
frame_000331.png,2,119,201,11067.500
frame_000332.png,2,119,201,11058.500
frame_000333.png,2,117,201,11082.500
frame_000334.png,2,117,201,11086.500
frame_000335.png,2,116,201,11086.500
frame_000336.png,2,116,201,11094.000
frame_000337.png,2,115,201,11091.000
frame_000338.png,2,115,201,11092.500
frame_000339.png,2,115,201,11106.000
frame_000340.png,2,115,201,11109.000
frame_000341.png,2,115,201,11126.000
frame_000342.png,2,115,201,11132.500
frame_000343.png,2,115,201,11144.000
frame_000344.png,2,115,202,11157.000
frame_000345.png,2,115,202,11167.000
frame_000346.png,2,115,202,11166.000
frame_000347.png,2,115,202,11191.500
frame_000348.png,2,116,202,11207.500
frame_000349.png,2,114,202,11210.500
frame_000350.png,2,114,202,11212.000
frame_000351.png,2,112,202,11203.500
frame_000352.png,2,112,202,11206.000
frame_000353.png,2,111,202,11214.000
frame_000354.png,2,111,202,11216.000
frame_000355.png,2,110,202,11224.500
frame_000356.png,2,110,202,11225.500
frame_000357.png,2,109,202,11229.500
frame_000358.png,2,109,202,11241.500
frame_000359.png,2,109,203,11248.500
frame_000360.png,2,109,203,11271.500
frame_000361.png,2,109,203,11299.500
frame_000362.png,2,109,203,11330.000
frame_000363.png,2,109,203,11356.500
frame_000364.png,2,109,203,11350.500
frame_000365.png,2,107,203,11351.500
frame_000366.png,2,106,203,11340.000
frame_000367.png,2,105,203,11339.000
frame_000368.png,2,104,203,11340.000
frame_000369.png,2,103,203,11335.500
frame_000370.png,2,103,203,11336.500
frame_000371.png,2,104,203,11340.500
frame_000372.png,2,104,203,11341.500
frame_000373.png,2,104,203,11345.500
frame_000374.png,2,104,203,11369.500
frame_000375.png,2,103,203,11403.000
frame_000376.png,2,104,203,11427.000
frame_000377.png,2,104,202,11456.500
frame_000378.png,2,104,202,11479.500
frame_000379.png,2,104,202,11478.500
frame_000380.png,2,103,202,11463.500
frame_000381.png,1,102,202,11449.000
frame_000382.png,1,102,202,11438.500
frame_000383.png,1,102,202,11423.500
frame_000384.png,1,102,201,11424.500
frame_000385.png,2,103,201,11424.500
frame_000386.png,2,103,201,11426.500
frame_000387.png,1,102,201,11442.500
frame_000388.png,1,102,201,11453.000
frame_000389.png,2,103,201,11479.500
frame_000390.png,2,103,200,11501.500
frame_000391.png,2,103,200,11551.500
frame_000392.png,2,103,200,11559.500
frame_000393.png,2,103,200,11552.500
frame_000394.png,1,102,200,11539.500
frame_000395.png,1,101,200,11516.500
frame_000396.png,1,101,200,11505.000
frame_000397.png,1,101,199,11471.500
frame_000398.png,1,101,199,11468.000
frame_000399.png,1,101,199,11446.000
frame_000400.png,1,102,198,11440.500
frame_000401.png,1,102,198,11432.500
frame_000402.png,1,102,198,11446.000
frame_000403.png,1,101,198,11458.000
frame_000404.png,1,101,198,11462.500
frame_000405.png,1,102,197,11463.500
frame_000406.png,2,103,197,11465.000
frame_000407.png,2,103,197,11471.000
frame_000408.png,1,102,197,11456.000
frame_000409.png,1,101,197,11419.000
frame_000410.png,1,100,197,11415.000
frame_000411.png,1,99,197,11386.500
frame_000412.png,1,100,197,11356.500
frame_000413.png,2,103,197,11318.500
frame_000414.png,2,105,197,11299.500
frame_000415.png,2,105,197,11291.000
frame_000416.png,2,105,197,11277.500
frame_000417.png,2,105,197,11262.500
frame_000418.png,2,105,197,11268.500
frame_000419.png,2,106,197,11278.000
frame_000420.png,2,106,197,11271.000
frame_000421.png,2,107,197,11286.000
frame_000422.png,2,107,197,11282.000
frame_000423.png,2,104,197,11268.000
frame_000424.png,2,103,197,11244.000
frame_000425.png,1,102,197,11234.000
frame_000426.png,1,101,197,11218.000
frame_000427.png,1,100,197,11199.000
frame_000428.png,1,99,197,11179.500
frame_000429.png,1,102,197,11139.000
frame_000430.png,2,103,196,11137.500
frame_000431.png,1,102,197,11105.000
frame_000432.png,1,102,196,11105.500
frame_000433.png,1,102,196,11091.000
frame_000434.png,1,102,196,11087.500
frame_000435.png,1,102,196,11079.500
frame_000436.png,1,102,196,11070.500
frame_000437.png,2,103,196,11071.500
frame_000438.png,2,103,196,11064.500
frame_000439.png,2,103,196,11055.500
frame_000440.png,2,103,196,11044.000
frame_000441.png,1,102,196,11027.000
frame_000442.png,1,102,196,11020.000
frame_000443.png,1,102,196,11004.000
frame_000444.png,1,102,196,11001.500
frame_000445.png,2,103,196,10979.500
frame_000446.png,2,103,196,10971.000
frame_000447.png,2,104,196,10963.000
frame_000448.png,2,104,196,10967.500
frame_000449.png,2,105,196,10953.500
frame_000450.png,2,106,196,10954.500
frame_000451.png,2,107,196,10950.000
frame_000452.png,2,108,196,10946.500
frame_000453.png,2,109,196,10937.500
frame_000454.png,2,109,196,10945.000
frame_000455.png,2,110,196,10936.000
frame_000456.png,2,110,196,10931.500
frame_000457.png,2,110,196,10928.500
frame_000458.png,2,110,196,10925.500
frame_000459.png,2,111,196,10925.000
frame_000460.png,2,111,196,10914.500
frame_000461.png,2,111,197,10904.500
frame_000462.png,2,112,196,10916.000
frame_000463.png,2,112,196,10913.500
frame_000464.png,2,113,197,10905.000
frame_000465.png,2,114,197,10897.000
frame_000466.png,2,114,196,10908.500
frame_000467.png,2,115,197,10899.000
frame_000468.png,2,115,197,10898.500
frame_000469.png,2,116,197,10900.500
frame_000470.png,2,116,197,10898.500
frame_000471.png,2,117,197,10899.000
frame_000472.png,2,118,197,10892.000
frame_000473.png,2,118,197,10896.000
frame_000474.png,2,117,197,10895.500
frame_000475.png,2,117,197,10894.500
frame_000476.png,2,117,197,10896.000
frame_000477.png,2,117,197,10891.500
frame_000478.png,2,117,197,10898.000
frame_000479.png,2,118,197,10892.000
frame_000480.png,2,118,197,10898.000
frame_000481.png,2,118,197,10896.500
frame_000482.png,2,117,197,10893.500
frame_000483.png,2,117,197,10896.000
frame_000484.png,2,118,197,10896.500
frame_000485.png,2,118,197,10898.500
frame_000486.png,2,118,197,10899.500
frame_000487.png,2,117,197,10902.000
frame_000488.png,2,117,197,10902.000
frame_000489.png,2,118,197,10897.000
frame_000490.png,2,118,197,10897.000
frame_000491.png,2,118,197,10898.000
frame_000492.png,2,118,197,10898.000
frame_000493.png,2,118,197,10891.000
frame_000494.png,2,118,197,10893.000
frame_000495.png,2,118,197,10895.500
frame_000496.png,2,117,197,10899.000
frame_000497.png,2,118,197,10897.000
frame_000498.png,2,118,197,10902.000
frame_000499.png,2,117,197,10904.500
frame_000500.png,2,118,197,10902.000
frame_000501.png,2,118,197,10900.500
frame_000502.png,2,118,197,10897.000
frame_000503.png,2,118,197,10906.500
frame_000504.png,2,118,197,10902.500
frame_000505.png,2,118,197,10901.500
frame_000506.png,2,118,197,10904.500
frame_000507.png,2,118,197,10898.000
frame_000508.png,2,118,197,10900.000
frame_000509.png,2,118,197,10908.500
frame_000510.png,2,118,197,10899.500
frame_000511.png,2,118,197,10901.000
frame_000512.png,2,117,197,10906.500
frame_000513.png,2,117,197,10901.500
frame_000514.png,2,118,197,10908.000
frame_000515.png,2,118,197,10907.500
frame_000516.png,2,118,197,10906.500
frame_000517.png,2,118,197,10911.500
frame_000518.png,2,117,197,10904.000
frame_000519.png,2,118,197,10907.000
frame_000520.png,2,119,197,10911.000
frame_000521.png,2,119,197,10907.500
frame_000522.png,2,119,197,10917.000
frame_000523.png,2,119,197,10917.000
frame_000524.png,2,119,197,10908.500
frame_000525.png,2,119,197,10915.000
frame_000526.png,2,119,197,10914.000
frame_000527.png,2,119,197,10913.000
frame_000528.png,2,119,197,10913.000
frame_000529.png,2,119,197,10913.000
frame_000530.png,2,118,197,10910.500
frame_000531.png,2,118,197,10915.000
frame_000532.png,2,118,197,10916.000
frame_000533.png,2,117,197,10914.500
frame_000534.png,2,118,197,10922.500
frame_000535.png,2,118,197,10915.500
frame_000536.png,2,118,197,10918.000
frame_000537.png,2,118,197,10926.000
frame_000538.png,2,118,197,10923.500
frame_000539.png,2,118,197,10916.500
frame_000540.png,2,118,197,10923.500
frame_000541.png,2,118,197,10925.500
frame_000542.png,2,118,197,10921.500
frame_000543.png,2,118,197,10927.500
frame_000544.png,2,118,197,10935.500
frame_000545.png,2,118,197,10919.000
frame_000546.png,2,118,197,10925.000
frame_000547.png,2,117,197,10928.000
frame_000548.png,2,117,197,10925.500
frame_000549.png,2,117,197,10923.000
frame_000550.png,2,117,197,10925.000
frame_000551.png,2,118,197,10924.000
frame_000552.png,2,118,197,10925.000
frame_000553.png,2,118,197,10928.000
frame_000554.png,2,117,197,10938.000
frame_000555.png,2,118,197,10931.000
frame_000556.png,2,118,197,10938.500
frame_000557.png,2,118,197,10941.000
frame_000558.png,2,118,197,10933.500
frame_000559.png,2,118,197,10943.000
frame_000560.png,2,118,197,10937.000
frame_000561.png,2,118,197,10943.000
frame_000562.png,2,118,197,10940.000
frame_000563.png,2,118,197,10937.500
frame_000564.png,2,118,197,10935.000
frame_000565.png,2,117,197,10938.000
frame_000566.png,2,117,197,10932.000
frame_000567.png,2,117,197,10937.000
frame_000568.png,2,117,197,10937.000
frame_000569.png,2,117,197,10940.000
frame_000570.png,2,117,197,10942.000
frame_000571.png,2,117,197,10944.000
frame_000572.png,2,118,197,10943.000
frame_000573.png,2,117,197,10946.000
frame_000574.png,2,117,197,10945.500
frame_000575.png,2,118,197,10951.500
frame_000576.png,2,118,197,10948.500
frame_000577.png,2,118,197,10948.500
frame_000578.png,2,118,197,10938.000
frame_000579.png,2,118,197,10932.500
frame_000580.png,2,118,197,10955.000
frame_000581.png,2,117,197,10938.000
frame_000582.png,2,116,197,10941.500
frame_000583.png,2,116,197,10942.500
frame_000584.png,2,115,197,10948.000
frame_000585.png,2,115,197,10949.000
frame_000586.png,2,116,197,10945.500
frame_000587.png,2,116,197,10944.500
frame_000588.png,2,116,197,10940.500
frame_000589.png,2,116,197,10947.000
frame_000590.png,2,116,197,10944.000
frame_000591.png,2,117,197,10946.500
frame_000592.png,2,117,197,10946.000
frame_000593.png,2,117,197,10949.000
frame_000594.png,2,118,197,10946.500
frame_000595.png,2,118,197,10954.500
frame_000596.png,2,118,197,10956.500
frame_000597.png,2,117,197,10945.000
frame_000598.png,2,117,197,10951.000
frame_000599.png,2,116,197,10962.000
frame_000600.png,2,116,197,10952.000
frame_000601.png,2,115,198,10936.500
frame_000602.png,2,115,198,10936.000
frame_000603.png,2,115,198,10933.500
frame_000604.png,2,115,198,10937.500
frame_000605.png,2,115,198,10940.000
frame_000606.png,2,115,198,10941.000
frame_000607.png,2,115,198,10937.000
frame_000608.png,2,115,198,10944.000
frame_000609.png,2,116,198,10936.500
frame_000610.png,2,116,198,10936.000
frame_000611.png,2,117,198,10942.500
frame_000612.png,2,117,198,10942.000
frame_000613.png,2,118,198,10938.500
frame_000614.png,2,117,198,10940.000
frame_000615.png,2,116,198,10942.500
frame_000616.png,2,115,198,10929.500
frame_000617.png,2,115,198,10919.500
frame_000618.png,2,115,198,10920.000
frame_000619.png,2,114,198,10919.500
frame_000620.png,2,114,198,10921.500
frame_000621.png,2,114,198,10917.000
frame_000622.png,2,114,198,10915.000
frame_000623.png,2,114,198,10916.500
frame_000624.png,2,115,198,10915.000
frame_000625.png,2,115,198,10920.000
frame_000626.png,2,115,198,10913.500
frame_000627.png,2,115,198,10912.500
frame_000628.png,2,116,198,10916.000
frame_000629.png,2,116,198,10926.000
frame_000630.png,2,103,198,11029.000
frame_000631.png,2,117,199,10899.500
frame_000632.png,2,117,199,10898.500
frame_000633.png,2,116,199,10890.500
frame_000634.png,2,116,199,10891.500
frame_000635.png,2,116,199,10890.000
frame_000636.png,2,115,199,10889.500
frame_000637.png,2,115,199,10882.000
frame_000638.png,2,115,199,10879.000
frame_000639.png,2,115,199,10934.000
frame_000640.png,2,114,199,10965.000
frame_000641.png,2,105,199,10990.000
frame_000642.png,2,116,199,10861.000
frame_000643.png,2,117,199,10866.500
frame_000644.png,2,117,199,10863.500
frame_000645.png,2,118,199,10870.000
frame_000646.png,2,118,199,10856.500
frame_000647.png,2,117,199,10891.500
frame_000648.png,2,116,199,10908.500
frame_000649.png,2,116,199,10940.500
frame_000650.png,2,109,199,10958.000
frame_000651.png,2,115,200,10832.000
frame_000652.png,2,116,200,10831.500
frame_000653.png,2,116,200,10835.500
frame_000654.png,2,116,200,10856.500
frame_000655.png,2,116,200,10883.000
frame_000656.png,2,116,200,10900.000
frame_000657.png,2,115,200,10924.500
frame_000658.png,2,113,200,10927.500
frame_000659.png,2,108,200,10941.500
frame_000660.png,2,108,200,10947.500
frame_000661.png,2,105,200,10955.000
frame_000662.png,2,104,200,10954.500
frame_000663.png,2,104,200,10960.500
frame_000664.png,2,104,200,10963.500
frame_000665.png,2,105,200,10961.000
frame_000666.png,2,106,200,10960.500
frame_000667.png,2,107,200,10965.000
frame_000668.png,2,107,200,10963.000
frame_000669.png,2,108,200,10967.500
frame_000670.png,2,109,200,10971.500
frame_000671.png,2,110,200,10980.500
frame_000672.png,2,111,200,10982.500
frame_000673.png,2,112,200,10981.000
frame_000674.png,2,113,200,10981.500
frame_000675.png,2,114,200,10990.500
frame_000676.png,2,114,200,11002.000
frame_000677.png,2,115,200,10994.500
frame_000678.png,2,116,200,10987.000
frame_000679.png,2,116,200,10994.500
frame_000680.png,2,116,200,10999.000
frame_000681.png,2,117,200,10996.500
frame_000682.png,2,117,200,11005.500
frame_000683.png,2,118,200,11014.500
frame_000684.png,2,118,200,11015.500
frame_000685.png,2,118,200,11016.500
frame_000686.png,2,118,200,11021.500
frame_000687.png,2,119,200,11024.500
frame_000688.png,2,119,200,11026.500
frame_000689.png,2,119,200,11028.500
frame_000690.png,2,120,201,11032.000
frame_000691.png,2,120,201,11036.500
frame_000692.png,2,120,201,11036.000
frame_000693.png,2,120,201,11034.000
frame_000694.png,2,120,201,11035.500
frame_000695.png,2,120,201,11032.000
frame_000696.png,2,120,201,11033.000
frame_000697.png,2,119,201,11051.500
frame_000698.png,2,119,201,11049.500
frame_000699.png,2,119,202,11053.500
frame_000700.png,2,119,202,11061.000
frame_000701.png,2,119,202,11062.000
frame_000702.png,2,119,202,11061.000
frame_000703.png,2,119,202,11068.000
frame_000704.png,2,119,202,11071.500
frame_000705.png,2,119,202,11073.000
frame_000706.png,2,119,203,11074.000
frame_000707.png,2,119,203,11083.000
frame_000708.png,2,119,203,11091.000
frame_000709.png,2,118,203,11088.000
frame_000710.png,2,118,203,11100.500
frame_000711.png,2,118,203,11111.000
frame_000712.png,2,119,204,11105.500
frame_000713.png,2,119,204,11117.000
frame_000714.png,2,119,204,11140.000
frame_000715.png,2,119,204,11133.500
frame_000716.png,2,119,204,11153.500
frame_000717.png,2,120,204,11159.000
frame_000718.png,2,120,204,11154.500
frame_000719.png,2,120,205,11161.000
frame_000720.png,2,120,205,11183.500
frame_000721.png,2,119,205,11190.000
frame_000722.png,2,120,205,11191.000
frame_000723.png,2,119,206,11209.500
frame_000724.png,2,119,206,11221.500
frame_000725.png,2,119,206,11223.000
frame_000726.png,2,119,206,11234.000
frame_000727.png,2,119,206,11253.000
frame_000728.png,2,120,207,11265.500
frame_000729.png,2,119,207,11285.500
frame_000730.png,2,119,207,11284.000
frame_000731.png,2,119,208,11307.000
frame_000732.png,2,120,208,11336.500
frame_000733.png,2,120,208,11357.000
frame_000734.png,2,120,209,11353.000
frame_000735.png,2,119,209,11356.000
frame_000736.png,2,120,209,11392.000
frame_000737.png,2,120,210,11399.500
frame_000738.png,2,120,210,11413.000
frame_000739.png,2,119,210,11429.000
frame_000740.png,2,119,211,11450.500
frame_000741.png,2,119,211,11484.500
frame_000742.png,2,119,212,11521.500
frame_000743.png,2,120,213,11527.000
frame_000744.png,2,120,213,11556.000
frame_000745.png,2,120,213,11587.000
frame_000746.png,2,120,214,11576.500
frame_000747.png,2,120,215,11613.000
frame_000748.png,2,120,215,11611.500
frame_000749.png,2,121,216,11395.000
frame_000750.png,2,121,217,11046.000
frame_000751.png,2,121,218,10089.000
frame_000752.png,1,98,219,9524.000
frame_000753.png,2,105,220,9195.500
frame_000754.png,2,110,220,8990.000
frame_000755.png,2,112,220,8319.000
frame_000756.png,2,109,220,8054.500
frame_000757.png,1,100,221,7238.000
frame_000758.png,1,98,221,7011.000
frame_000759.png,1,92,219,6856.500
frame_000760.png,1,91,218,6951.000
frame_000761.png,1,89,215,7221.500
frame_000762.png,1,88,213,7456.500
frame_000763.png,1,87,209,8046.500
frame_000764.png,1,86,207,8397.500
frame_000765.png,1,86,202,9189.500
frame_000766.png,1,86,200,9526.500
frame_000767.png,1,83,198,9680.000
frame_000768.png,1,82,196,9820.000
frame_000769.png,1,80,194,10095.500
frame_000770.png,1,79,194,10296.000
frame_000771.png,1,78,194,10530.000
frame_000772.png,1,78,194,10642.500
frame_000773.png,1,78,194,10783.000
frame_000774.png,1,78,194,10859.000
frame_000775.png,1,78,194,10945.500
frame_000776.png,1,78,194,10972.500
frame_000777.png,1,78,194,11040.000
frame_000778.png,1,79,194,11079.000
frame_000779.png,1,80,194,11125.000
frame_000780.png,1,80,194,11134.000
frame_000781.png,1,82,194,11157.000
frame_000782.png,1,83,194,11163.500
frame_000783.png,1,84,194,11161.000
frame_000784.png,1,85,194,11148.000
frame_000785.png,1,87,194,11113.000
frame_000786.png,1,90,194,11085.000
frame_000787.png,1,95,194,11030.500
frame_000788.png,1,98,194,11011.000
frame_000789.png,1,101,194,10989.000
frame_000790.png,2,103,194,10977.500
frame_000791.png,2,103,194,10976.000
frame_000792.png,2,104,194,10965.500
frame_000793.png,2,105,194,10959.500
frame_000794.png,2,105,194,10954.500
frame_000795.png,2,106,194,10951.500
frame_000796.png,2,107,194,10947.500
frame_000797.png,2,108,194,10944.500
frame_000798.png,2,108,194,10948.500
frame_000799.png,2,109,194,10945.000
frame_000800.png,2,110,194,10941.000
frame_000801.png,2,111,194,10942.000
frame_000802.png,2,111,194,10943.500
frame_000803.png,2,112,194,10944.500
frame_000804.png,2,113,194,10950.500
frame_000805.png,2,114,194,10945.000
frame_000806.png,2,115,194,10947.000
frame_000807.png,2,116,194,10950.000
frame_000808.png,2,116,194,10950.500
frame_000809.png,2,117,194,10954.500
frame_000810.png,2,117,194,10955.000
frame_000811.png,2,118,194,10959.000
frame_000812.png,2,119,194,10959.500
frame_000813.png,2,119,194,10961.500
frame_000814.png,2,119,194,10961.500
frame_000815.png,2,119,194,10963.000
frame_000816.png,2,119,194,10963.000
frame_000817.png,2,119,194,10964.500
frame_000818.png,2,119,194,10968.500
frame_000819.png,2,120,194,10969.000
frame_000820.png,2,120,194,10968.500
frame_000821.png,2,120,194,10968.000
frame_000822.png,2,120,194,10965.000
frame_000823.png,2,120,194,10973.500
frame_000824.png,2,121,194,10972.500
frame_000825.png,2,121,194,10961.000
frame_000826.png,2,121,194,10993.500
frame_000827.png,2,122,194,10960.500
frame_000828.png,2,122,194,10995.500
frame_000829.png,2,122,194,10960.500
frame_000830.png,2,122,194,10980.500
frame_000831.png,2,122,194,10970.000
frame_000832.png,2,123,194,10993.500
frame_000833.png,2,123,194,10982.500
frame_000834.png,2,123,194,10988.000
frame_000835.png,2,124,194,10985.000
frame_000836.png,2,124,194,10983.000
frame_000837.png,2,124,194,10983.500
frame_000838.png,2,124,194,10981.500
frame_000839.png,2,125,194,10990.500
frame_000840.png,2,125,194,10986.000
frame_000841.png,2,125,194,10986.000
frame_000842.png,2,126,194,10990.000
frame_000843.png,2,126,194,10988.500
frame_000844.png,2,126,194,10991.500
frame_000845.png,2,126,194,10988.500
frame_000846.png,2,127,194,10992.000
frame_000847.png,2,127,194,10990.500
frame_000848.png,2,127,194,10989.500
frame_000849.png,2,127,194,10992.500
frame_000850.png,2,127,194,10990.500
frame_000851.png,2,128,194,10990.000
frame_000852.png,2,128,194,10990.000
frame_000853.png,2,128,194,10987.500
frame_000854.png,2,128,194,10987.500
frame_000855.png,2,128,194,10989.500
frame_000856.png,2,128,195,10983.000
frame_000857.png,2,128,195,10984.000
frame_000858.png,2,128,195,10986.000
frame_000859.png,2,129,195,10984.500
frame_000860.png,2,129,195,10983.500
frame_000861.png,2,129,195,10986.500
frame_000862.png,2,129,195,10985.500
frame_000863.png,2,129,195,10984.500
frame_000864.png,2,129,195,10984.500
frame_000865.png,2,129,195,10983.000
frame_000866.png,2,129,195,10985.000
frame_000867.png,2,129,195,10984.000
frame_000868.png,2,129,195,10983.000
frame_000869.png,2,129,195,10983.000
frame_000870.png,2,129,195,10981.000
frame_000871.png,2,129,195,10982.000
frame_000872.png,2,129,195,10981.000
frame_000873.png,2,129,195,10982.000
frame_000874.png,2,129,195,10982.000
frame_000875.png,2,129,195,10978.000
frame_000876.png,2,129,195,10978.000
frame_000877.png,2,129,195,10975.000
frame_000878.png,2,129,195,10974.000
frame_000879.png,2,129,195,10980.000
frame_000880.png,2,129,195,10981.500
frame_000881.png,2,129,195,10982.000
frame_000882.png,2,129,195,10982.000
frame_000883.png,2,129,195,10981.000
frame_000884.png,2,129,195,10981.000
frame_000885.png,2,129,195,10980.000
frame_000886.png,2,129,195,10978.000
frame_000887.png,2,129,195,10978.500
frame_000888.png,2,129,195,10978.500
frame_000889.png,2,129,195,10982.500
frame_000890.png,2,129,195,10980.000
frame_000891.png,2,129,195,10977.000
frame_000892.png,2,129,195,10981.000
frame_000893.png,2,129,195,10980.000
frame_000894.png,2,129,195,10981.000
frame_000895.png,2,128,195,10976.500
frame_000896.png,2,128,195,10978.500
frame_000897.png,2,128,195,10980.500
frame_000898.png,2,128,195,10978.000
frame_000899.png,2,128,195,10978.000
frame_000900.png,2,128,195,10978.000
frame_000901.png,2,128,195,10978.000
frame_000902.png,2,128,195,10977.000
frame_000903.png,2,128,195,10976.000
frame_000904.png,2,128,195,10976.000
frame_000905.png,2,128,195,10973.000
frame_000906.png,2,128,195,10972.000
frame_000907.png,2,128,195,10971.000
frame_000908.png,2,128,195,10971.000
frame_000909.png,2,128,195,10967.500
frame_000910.png,2,128,195,10968.500
frame_000911.png,2,129,195,10969.000
frame_000912.png,2,128,195,10970.500
frame_000913.png,2,128,195,10967.500
frame_000914.png,2,128,195,10967.500
frame_000915.png,2,128,195,10968.500
frame_000916.png,2,128,195,10967.500
frame_000917.png,2,128,195,10968.500
frame_000918.png,2,128,195,10968.500
frame_000919.png,2,128,195,10967.500
frame_000920.png,2,128,195,10969.000
frame_000921.png,2,128,195,10969.000
frame_000922.png,2,128,195,10968.000
frame_000923.png,2,128,195,10969.000
frame_000924.png,2,128,195,10969.000
frame_000925.png,2,128,195,10969.000
frame_000926.png,2,128,195,10969.000
frame_000927.png,2,128,195,10968.000
frame_000928.png,2,128,195,10968.000
frame_000929.png,2,128,195,10969.000
frame_000930.png,2,128,195,10969.000
frame_000931.png,2,128,195,10969.000
frame_000932.png,2,128,195,10969.000
frame_000933.png,2,128,195,10969.000
frame_000934.png,2,128,195,10970.000
frame_000935.png,2,128,195,10969.000
frame_000936.png,2,128,195,10968.000
frame_000937.png,2,128,195,10968.000
frame_000938.png,2,128,195,10968.000
frame_000939.png,2,128,195,10968.000
frame_000940.png,2,128,195,10968.000
frame_000941.png,2,128,195,10966.000
frame_000942.png,2,128,195,10965.000
frame_000943.png,2,128,195,10964.000
frame_000944.png,2,128,195,10963.000
frame_000945.png,2,128,195,10962.000
frame_000946.png,2,128,195,10961.000
frame_000947.png,2,128,196,10957.500
frame_000948.png,2,128,196,10957.500
frame_000949.png,2,128,196,10958.500
frame_000950.png,2,128,196,10957.500
frame_000951.png,2,128,196,10958.000
frame_000952.png,2,128,196,10958.000
frame_000953.png,2,128,196,10958.000
frame_000954.png,2,128,196,10958.000
frame_000955.png,2,128,196,10959.000
frame_000956.png,2,128,196,10958.000
frame_000957.png,2,128,196,10957.000
frame_000958.png,2,128,196,10958.000
frame_000959.png,2,128,196,10959.000
frame_000960.png,2,128,196,10959.000
frame_000961.png,2,128,196,10959.000
frame_000962.png,2,128,196,10959.000
frame_000963.png,2,128,196,10959.000
frame_000964.png,2,128,196,10959.000
frame_000965.png,2,128,196,10955.500
frame_000966.png,2,128,196,10955.500
frame_000967.png,2,128,196,10955.500
frame_000968.png,2,128,196,10955.500
frame_000969.png,2,128,196,10953.500
frame_000970.png,2,128,196,10953.500
frame_000971.png,2,128,196,10954.500
frame_000972.png,2,128,196,10951.500
frame_000973.png,2,128,196,10950.500
frame_000974.png,2,128,196,10949.500
frame_000975.png,2,128,196,10949.000
frame_000976.png,2,128,196,10946.500
frame_000977.png,2,128,196,10946.500
frame_000978.png,2,128,196,10946.500
frame_000979.png,2,128,196,10946.500
frame_000980.png,2,128,196,10947.500
frame_000981.png,2,128,196,10947.500
frame_000982.png,2,128,196,10946.500
frame_000983.png,2,128,196,10946.500
frame_000984.png,2,128,196,10946.500
frame_000985.png,2,128,196,10947.500
frame_000986.png,2,128,196,10947.500
frame_000987.png,2,128,196,10946.500
frame_000988.png,2,128,196,10945.500
frame_000989.png,2,128,196,10945.500
frame_000990.png,2,128,196,10945.500
frame_000991.png,2,128,196,10943.500
frame_000992.png,2,128,196,10942.500
frame_000993.png,2,128,196,10940.500
frame_000994.png,2,128,196,10941.500
frame_000995.png,2,128,196,10939.500
frame_000996.png,2,128,196,10938.500
frame_000997.png,2,128,196,10937.500
frame_000998.png,2,128,196,10936.500
frame_000999.png,2,128,197,10935.000
frame_001000.png,2,128,197,10935.000
frame_001001.png,2,128,197,10935.000
frame_001002.png,2,128,197,10935.000
frame_001003.png,2,128,197,10936.000
frame_001004.png,2,128,197,10937.000
frame_001005.png,2,128,197,10937.000
frame_001006.png,2,128,197,10935.500
frame_001007.png,2,128,197,10934.500
frame_001008.png,2,128,197,10932.500
frame_001009.png,2,128,197,10931.500
frame_001010.png,2,128,197,10930.000
frame_001011.png,2,128,197,10929.000
frame_001012.png,2,128,197,10928.000
frame_001013.png,2,128,197,10926.000
frame_001014.png,2,128,197,10925.000
frame_001015.png,2,128,197,10923.000
frame_001016.png,2,128,197,10923.000
frame_001017.png,2,128,197,10921.500
frame_001018.png,2,128,197,10921.500
frame_001019.png,2,128,197,10920.500
frame_001020.png,2,128,197,10921.500
frame_001021.png,2,128,197,10919.500
frame_001022.png,2,128,197,10918.500
frame_001023.png,2,128,197,10918.500
frame_001024.png,2,128,197,10920.000
frame_001025.png,2,128,197,10919.000
frame_001026.png,2,128,197,10917.000
frame_001027.png,2,128,197,10916.000
frame_001028.png,2,128,197,10914.000
frame_001029.png,2,128,197,10913.000
frame_001030.png,2,128,197,10911.000
frame_001031.png,2,128,197,10909.000
frame_001032.png,2,128,197,10907.000
frame_001033.png,2,128,198,10905.500
frame_001034.png,2,128,198,10902.000
frame_001035.png,2,128,198,10903.500
frame_001036.png,2,128,198,10903.500
frame_001037.png,2,128,198,10903.500
frame_001038.png,2,128,198,10903.500
frame_001039.png,2,128,198,10900.500
frame_001040.png,2,128,198,10897.500
frame_001041.png,2,128,198,10896.500
frame_001042.png,2,128,198,10894.500
frame_001043.png,2,128,198,10893.500
frame_001044.png,2,128,198,10893.000
frame_001045.png,2,128,198,10886.500
frame_001046.png,2,128,198,10885.500
frame_001047.png,2,128,198,10882.500
frame_001048.png,2,128,198,10879.500
frame_001049.png,2,128,198,10877.500
frame_001050.png,2,128,198,10874.500
frame_001051.png,2,128,198,10875.000
frame_001052.png,2,128,198,10875.500
frame_001053.png,2,128,198,10878.500
frame_001054.png,2,128,198,10879.500
frame_001055.png,2,128,199,10860.000
frame_001056.png,2,128,199,10858.000
frame_001057.png,2,128,199,10862.000
frame_001058.png,2,128,199,10865.000
frame_001059.png,2,128,199,10872.000
frame_001060.png,2,128,199,10871.500
frame_001061.png,2,128,199,10877.500
frame_001062.png,2,128,199,10879.500
frame_001063.png,2,128,199,10882.500
frame_001064.png,2,128,199,10850.000
frame_001065.png,2,128,199,10855.000
frame_001066.png,2,128,199,10854.000
frame_001067.png,2,128,199,10856.000
frame_001068.png,2,128,199,10856.000
frame_001069.png,2,128,199,10864.000
frame_001070.png,2,128,199,10866.000
frame_001071.png,2,128,199,10876.500
frame_001072.png,2,128,199,10873.500
frame_001073.png,2,128,199,10881.500
frame_001074.png,2,128,199,10885.500
frame_001075.png,2,128,199,10894.500
frame_001076.png,2,128,199,10896.500
frame_001077.png,2,128,199,10907.500
frame_001078.png,2,128,199,10914.000
frame_001079.png,2,128,199,10918.000
frame_001080.png,2,128,199,10919.000
frame_001081.png,2,128,199,10934.500
frame_001082.png,2,128,199,10945.000
frame_001083.png,2,128,199,10956.000
frame_001084.png,2,128,199,10963.000
frame_001085.png,2,124,199,10981.000
frame_001086.png,2,121,199,10997.500
frame_001087.png,2,117,199,11013.000
frame_001088.png,2,115,199,11018.500
frame_001089.png,2,113,199,11048.000
frame_001090.png,2,112,199,11060.000
frame_001091.png,2,111,199,11076.500
frame_001092.png,2,112,199,11084.500
frame_001093.png,2,113,199,11095.500
frame_001094.png,2,114,199,11112.000
frame_001095.png,2,116,199,11119.000
frame_001096.png,2,117,199,11131.000
frame_001097.png,2,118,199,11145.000
frame_001098.png,2,119,199,11147.000
frame_001099.png,2,120,199,11163.000
frame_001100.png,2,121,200,11169.500
frame_001101.png,2,122,200,11179.500
frame_001102.png,2,123,200,11171.000
frame_001103.png,2,124,200,11195.000
frame_001104.png,2,124,200,11203.500
frame_001105.png,2,125,200,11199.500
frame_001106.png,2,126,200,11206.000
frame_001107.png,2,127,200,11212.500
frame_001108.png,2,127,200,11221.500
frame_001109.png,2,128,200,11232.500
frame_001110.png,2,128,200,11231.000
frame_001111.png,2,128,201,11230.500
frame_001112.png,2,128,201,11232.500
frame_001113.png,2,128,201,11240.000
frame_001114.png,2,128,201,11232.000
frame_001115.png,2,128,201,11232.000
frame_001116.png,2,128,201,11216.500
frame_001117.png,2,128,201,11227.000
frame_001118.png,2,128,201,11212.500
frame_001119.png,2,128,201,11203.000
frame_001120.png,2,128,202,11200.000
frame_001121.png,2,128,202,11192.000
frame_001122.png,2,128,202,11183.000
frame_001123.png,2,128,202,11163.000
frame_001124.png,2,128,202,11157.500
frame_001125.png,2,128,202,11134.000
frame_001126.png,2,128,203,11124.500
frame_001127.png,2,128,203,11109.000
frame_001128.png,2,128,203,11098.000
frame_001129.png,2,128,203,11081.500
frame_001130.png,2,128,203,11075.500
frame_001131.png,2,128,204,11061.000
frame_001132.png,2,128,204,11047.500
frame_001133.png,2,128,204,11031.500
frame_001134.png,2,128,204,11035.500
frame_001135.png,2,128,205,11017.000
frame_001136.png,2,128,205,11015.500
frame_001137.png,2,128,205,10992.500
frame_001138.png,2,128,205,11006.000
frame_001139.png,2,128,206,10994.000
frame_001140.png,2,128,206,10973.000
frame_001141.png,2,128,206,10977.500
frame_001142.png,2,128,207,10965.500
frame_001143.png,2,128,207,10979.000
frame_001144.png,2,128,207,10982.000
frame_001145.png,2,128,208,10989.000
frame_001146.png,2,128,208,10994.000
frame_001147.png,2,128,209,11032.000
frame_001148.png,2,128,209,11048.000
frame_001149.png,2,128,210,11078.000
frame_001150.png,2,128,210,11135.000
frame_001151.png,2,128,211,11341.500
frame_001152.png,2,128,211,11498.500
frame_001153.png,2,128,212,11837.500
frame_001154.png,2,128,213,12118.000
frame_001155.png,2,128,214,12474.500
frame_001156.png,2,128,214,12613.000
frame_001157.png,2,128,215,12617.000
frame_001158.png,2,128,216,12561.500
frame_001159.png,2,128,217,12199.500
frame_001160.png,2,128,218,11972.000
frame_001161.png,2,126,220,10467.000
frame_001162.png,2,119,221,9589.000
frame_001163.png,2,110,222,8395.000
frame_001164.png,2,105,223,7784.000
frame_001165.png,1,100,223,7144.500
frame_001166.png,1,98,223,6909.000
frame_001167.png,1,98,223,6880.500
frame_001168.png,1,96,222,6874.500
frame_001169.png,1,95,221,6894.000
frame_001170.png,1,93,220,6962.000
frame_001171.png,1,90,218,7154.500
frame_001172.png,1,89,217,7342.000
frame_001173.png,1,88,215,7709.000
frame_001174.png,1,88,213,7996.500
frame_001175.png,1,88,212,8469.000
frame_001176.png,1,88,210,8795.500
frame_001177.png,1,89,208,9329.500
frame_001178.png,1,89,207,9595.500
frame_001179.png,1,88,207,9663.000
frame_001180.png,1,87,206,9732.000
frame_001181.png,1,86,205,9870.500
frame_001182.png,1,86,204,10129.500
frame_001183.png,1,86,203,10549.500
frame_001184.png,1,86,203,10709.000
frame_001185.png,1,85,202,10968.000
frame_001186.png,1,85,202,11160.000
frame_001187.png,1,85,201,11428.000
frame_001188.png,1,85,200,11463.500
frame_001189.png,1,85,200,11529.000
frame_001190.png,1,86,200,11536.500
frame_001191.png,1,86,199,11554.500
frame_001192.png,1,87,199,11557.000
frame_001193.png,1,88,199,11535.000
frame_001194.png,1,89,198,11527.000
frame_001195.png,1,90,198,11457.500
frame_001196.png,1,91,198,11426.000
frame_001197.png,1,92,198,11364.500
frame_001198.png,1,93,197,11322.500
frame_001199.png,1,94,197,11262.000
frame_001200.png,1,95,197,11261.000
frame_001201.png,1,99,197,11195.500
frame_001202.png,1,101,197,11181.500
frame_001203.png,2,103,197,11138.000
frame_001204.png,2,103,197,11133.000
frame_001205.png,2,104,197,11123.000
frame_001206.png,2,103,197,11118.500
frame_001207.png,2,103,197,11105.500
frame_001208.png,2,103,197,11098.500
frame_001209.png,2,103,197,11092.500
frame_001210.png,2,103,197,11086.500
frame_001211.png,2,103,197,11087.000
frame_001212.png,2,103,197,11077.000
frame_001213.png,2,103,197,11055.000
frame_001214.png,2,103,197,11052.500
frame_001215.png,2,103,197,11038.500
frame_001216.png,2,103,197,11026.500
frame_001217.png,2,103,197,11008.000
frame_001218.png,2,103,197,11009.000
frame_001219.png,2,103,197,11000.500
frame_001220.png,2,104,197,10993.500
frame_001221.png,2,104,197,10983.500
frame_001222.png,2,105,197,10979.500
frame_001223.png,2,106,197,10979.000
frame_001224.png,2,107,197,10967.000
frame_001225.png,2,108,197,10965.000
frame_001226.png,2,108,197,10969.000
frame_001227.png,2,109,197,10963.000
frame_001228.png,2,110,197,10963.000
frame_001229.png,2,109,197,10954.500
frame_001230.png,2,109,197,10955.000
frame_001231.png,2,110,197,10952.000
frame_001232.png,2,110,197,10949.000
frame_001233.png,2,110,197,10941.500
frame_001234.png,2,110,197,10939.500
frame_001235.png,2,110,197,10943.500
frame_001236.png,2,111,197,10935.500
frame_001237.png,2,111,197,10936.500
frame_001238.png,2,112,197,10938.500
frame_001239.png,2,112,197,10930.500
frame_001240.png,2,113,197,10939.500
frame_001241.png,2,113,197,10930.000
frame_001242.png,2,114,197,10931.000
frame_001243.png,2,115,197,10928.500
frame_001244.png,2,115,197,10933.500
frame_001245.png,2,115,197,10933.500
frame_001246.png,2,115,197,10929.500
frame_001247.png,2,115,197,10928.500
frame_001248.png,2,115,197,10919.500
frame_001249.png,2,115,197,10924.000
frame_001250.png,2,115,197,10927.000
frame_001251.png,2,115,197,10926.500
frame_001252.png,2,115,197,10933.500
frame_001253.png,0,50,147,424.500
frame_001254.png,0,51,147,441.000
frame_001255.png,1,54,148,482.500
frame_001256.png,1,56,148,506.500
frame_001257.png,1,60,149,572.000
frame_001258.png,1,62,149,598.000
frame_001259.png,1,64,150,649.000
frame_001260.png,1,66,150,686.500
frame_001261.png,1,69,151,736.000
frame_001262.png,1,70,151,772.000
frame_001263.png,1,73,152,851.000
frame_001264.png,1,75,153,884.000
frame_001265.png,1,78,154,947.500
frame_001266.png,1,79,155,993.000
frame_001267.png,1,82,155,1061.000
frame_001268.png,1,82,155,1082.000
frame_001269.png,1,84,156,1142.500
frame_001270.png,1,85,156,1177.500
frame_001271.png,1,87,157,1238.000
frame_001272.png,1,87,157,1257.000
frame_001273.png,1,89,158,1338.000
frame_001274.png,1,90,158,1384.000
frame_001275.png,1,92,159,1476.500
frame_001276.png,1,92,159,1499.000
frame_001277.png,1,94,159,1569.500
frame_001278.png,1,94,159,1602.000
frame_001279.png,1,96,160,1672.500
frame_001280.png,1,96,160,1695.000
frame_001281.png,1,97,161,1773.000
frame_001282.png,1,98,161,1803.500
frame_001283.png,1,99,162,1880.500
frame_001284.png,1,100,161,1923.500
frame_001285.png,1,101,162,2012.000
frame_001286.png,1,102,163,2040.000
frame_001287.png,2,103,163,2173.000
frame_001288.png,2,104,164,2198.500
frame_001289.png,2,105,164,2306.000
frame_001290.png,2,106,165,2384.500
frame_001291.png,2,107,165,2507.000
frame_001292.png,2,108,166,2587.000
frame_001293.png,2,109,166,2718.000
frame_001294.png,2,110,167,2766.000
frame_001295.png,2,111,168,2965.000
frame_001296.png,2,112,168,3071.000
frame_001297.png,2,114,169,3237.000
frame_001298.png,2,114,170,3343.500
frame_001299.png,2,115,171,3514.500
frame_001300.png,2,115,171,3584.500
frame_001301.png,2,117,173,3772.500
frame_001302.png,2,117,174,3912.000
frame_001303.png,2,118,175,4134.000
frame_001304.png,2,119,176,4289.500
frame_001305.png,2,120,177,4541.000
frame_001306.png,2,120,178,4725.500
frame_001307.png,2,121,179,5018.500
frame_001308.png,2,122,180,5115.500
frame_001309.png,2,122,181,5430.000
frame_001310.png,2,123,182,5549.000
frame_001311.png,2,124,183,5924.000
frame_001312.png,2,124,184,6057.000
frame_001313.png,2,125,186,6473.500
frame_001314.png,2,126,187,6779.000
frame_001315.png,2,127,189,7282.000
frame_001316.png,2,128,191,7656.500
frame_001317.png,2,128,192,8040.500
frame_001318.png,2,128,194,8472.000
frame_001319.png,2,128,198,9148.000
frame_001320.png,2,128,198,9621.500
frame_001321.png,2,128,198,10098.000
frame_001322.png,2,128,198,10559.000
frame_001323.png,2,128,198,11396.500
frame_001324.png,2,128,198,11787.000
frame_001325.png,2,128,198,12327.500
frame_001326.png,2,128,198,12494.500
frame_001327.png,2,128,198,12957.000
frame_001328.png,2,128,198,13086.000
frame_001329.png,2,128,198,13442.500
frame_001330.png,2,128,198,13626.500
frame_001331.png,2,128,198,13801.000
frame_001332.png,2,128,198,13827.500
frame_001333.png,2,128,198,13808.500
frame_001334.png,2,128,198,13688.000
frame_001335.png,2,128,199,13109.500
frame_001336.png,2,128,199,12586.500
frame_001337.png,2,128,199,11911.500
frame_001338.png,2,138,199,10775.000
frame_001339.png,2,150,199,9429.500
frame_001340.png,2,153,199,9128.000
frame_001341.png,3,161,199,8469.000
frame_001342.png,3,165,199,8199.000
frame_001343.png,3,169,199,8150.000
frame_001344.png,3,172,199,8158.000
frame_001345.png,3,175,199,8297.500
frame_001346.png,3,175,198,8601.000
frame_001347.png,3,176,198,9063.000
frame_001348.png,3,177,198,9238.500
frame_001349.png,3,175,198,9948.500
frame_001350.png,3,174,198,10317.500
frame_001351.png,3,174,198,10565.500
frame_001352.png,3,174,199,10719.500
frame_001353.png,3,174,199,10945.500
frame_001354.png,3,173,199,11113.500
frame_001355.png,3,170,199,11305.500
frame_001356.png,3,170,199,11335.000
frame_001357.png,3,164,199,11389.000
frame_001358.png,3,160,199,11378.500
frame_001359.png,3,154,199,11325.500
frame_001360.png,2,148,199,11291.000
frame_001361.png,2,148,199,11194.500
frame_001362.png,2,145,199,11183.500
frame_001363.png,2,140,199,11170.000
frame_001364.png,2,126,199,11206.000
frame_001365.png,2,133,199,11156.000
frame_001366.png,2,132,199,11150.000
frame_001367.png,2,128,199,11131.500
frame_001368.png,2,128,199,11112.500
frame_001369.png,2,128,199,11063.500
frame_001370.png,2,128,199,11051.500
frame_001371.png,2,128,199,11052.000
frame_001372.png,2,128,200,11049.500
frame_001373.png,2,128,200,11059.000
frame_001374.png,2,128,200,11067.500
frame_001375.png,2,128,200,11068.000
frame_001376.png,2,128,200,11067.500
frame_001377.png,2,128,200,11069.000
frame_001378.png,2,128,200,11070.000
frame_001379.png,2,128,200,11081.000
frame_001380.png,2,128,200,11085.000
frame_001381.png,2,128,200,11092.500
frame_001382.png,2,128,200,11091.000
frame_001383.png,2,128,201,11102.000
frame_001384.png,2,128,201,11106.500
frame_001385.png,2,128,201,11113.000
frame_001386.png,2,128,201,11116.000
frame_001387.png,2,128,201,11120.000
frame_001388.png,2,128,201,11127.500
frame_001389.png,2,128,201,11145.000
frame_001390.png,2,128,201,11159.500
frame_001391.png,2,128,202,11188.000
frame_001392.png,2,128,202,11202.000
frame_001393.png,2,125,202,11206.500
frame_001394.png,2,123,202,11209.500
frame_001395.png,2,121,202,11221.500
frame_001396.png,2,121,202,11223.000
frame_001397.png,2,119,202,11237.500
frame_001398.png,2,117,203,11243.000
frame_001399.png,2,116,203,11250.000
frame_001400.png,2,115,203,11265.500
frame_001401.png,2,114,203,11272.000
frame_001402.png,2,114,203,11278.000
frame_001403.png,2,113,203,11298.000
frame_001404.png,2,113,203,11318.000
frame_001405.png,2,112,203,11322.500
frame_001406.png,2,112,203,11339.000
frame_001407.png,2,112,204,11376.000
frame_001408.png,2,112,204,11392.000
frame_001409.png,2,111,204,11442.500
frame_001410.png,2,111,204,11428.000
frame_001411.png,2,111,204,11475.000
frame_001412.png,2,110,204,11461.000
frame_001413.png,2,108,204,11451.000
frame_001414.png,2,106,204,11434.500
frame_001415.png,2,104,204,11409.000
frame_001416.png,2,103,204,11396.500
frame_001417.png,2,103,204,11381.000
frame_001418.png,2,103,204,11375.500
frame_001419.png,2,103,204,11361.000
frame_001420.png,2,103,204,11360.000
frame_001421.png,2,103,204,11357.000
frame_001422.png,2,104,204,11363.500
frame_001423.png,2,104,203,11367.000
frame_001424.png,2,104,203,11372.000
frame_001425.png,2,104,203,11387.500
frame_001426.png,2,103,203,11405.500
frame_001427.png,2,104,203,11419.500
frame_001428.png,2,105,203,11441.000
frame_001429.png,2,105,203,11494.500
frame_001430.png,2,105,203,11542.000
frame_001431.png,2,105,203,11567.000
frame_001432.png,2,105,203,11578.000
frame_001433.png,2,103,203,11556.000
frame_001434.png,1,102,203,11527.500
frame_001435.png,1,101,203,11496.500
frame_001436.png,1,100,203,11483.000
frame_001437.png,1,100,203,11456.000
frame_001438.png,1,100,203,11431.500
frame_001439.png,1,100,202,11415.000
frame_001440.png,1,100,202,11408.500
frame_001441.png,1,100,202,11390.000
frame_001442.png,1,101,202,11383.500
frame_001443.png,1,102,202,11384.500
frame_001444.png,1,102,202,11379.500
frame_001445.png,2,103,201,11381.500
frame_001446.png,2,103,201,11383.000
frame_001447.png,2,103,201,11389.500
frame_001448.png,1,102,201,11402.000
frame_001449.png,2,103,201,11410.500
frame_001450.png,2,103,201,11435.500
frame_001451.png,2,103,201,11468.000
frame_001452.png,2,103,201,11503.500
frame_001453.png,2,104,201,11548.500
frame_001454.png,2,104,201,11569.500
frame_001455.png,2,103,201,11558.000
frame_001456.png,1,102,201,11545.500
frame_001457.png,1,101,200,11507.000
frame_001458.png,1,100,200,11479.500
frame_001459.png,1,100,200,11439.500
frame_001460.png,1,100,200,11430.000
frame_001461.png,1,100,200,11390.000
frame_001462.png,1,100,199,11390.000
frame_001463.png,1,101,199,11357.000
frame_001464.png,1,101,199,11333.500
frame_001465.png,1,102,199,11302.500
frame_001466.png,2,103,199,11301.000
frame_001467.png,1,102,199,11284.500
frame_001468.png,1,102,198,11290.500
frame_001469.png,1,102,198,11283.500
frame_001470.png,1,102,198,11283.000
frame_001471.png,1,102,198,11283.000
frame_001472.png,1,102,198,11297.000
frame_001473.png,1,102,198,11309.000
frame_001474.png,1,102,198,11324.500
frame_001475.png,2,103,198,11355.000
frame_001476.png,2,103,198,11361.500
frame_001477.png,2,103,198,11388.500
frame_001478.png,2,104,198,11398.000
frame_001479.png,2,103,198,11387.500
frame_001480.png,2,103,198,11374.000
frame_001481.png,1,101,198,11350.500
frame_001482.png,1,101,197,11342.000
frame_001483.png,1,100,197,11308.000
frame_001484.png,1,100,197,11295.500
frame_001485.png,1,100,197,11243.000
frame_001486.png,1,101,197,11226.000
frame_001487.png,1,101,197,11200.000
frame_001488.png,1,102,197,11183.000
frame_001489.png,2,103,197,11162.000
frame_001490.png,2,103,197,11149.000
frame_001491.png,2,104,197,11145.000
frame_001492.png,2,104,197,11141.500
frame_001493.png,2,106,197,11130.500
frame_001494.png,2,106,197,11125.000
frame_001495.png,2,103,196,11137.000
frame_001496.png,2,104,196,11136.500
frame_001497.png,2,105,196,11136.000
frame_001498.png,2,106,196,11134.000
frame_001499.png,2,107,196,11132.000
frame_001500.png,2,108,196,11140.000
frame_001501.png,2,109,196,11142.500
frame_001502.png,2,109,196,11130.000
frame_001503.png,2,110,196,11156.000
frame_001504.png,2,111,196,11165.000
frame_001505.png,2,111,196,11162.500
frame_001506.png,2,110,196,11142.000
frame_001507.png,2,110,196,11126.000
frame_001508.png,2,109,196,11116.500
frame_001509.png,2,108,196,11100.000
frame_001510.png,2,108,196,11094.500
frame_001511.png,2,107,196,11088.000
frame_001512.png,2,106,196,11080.500
frame_001513.png,2,105,196,11070.500
frame_001514.png,2,105,196,11062.500
frame_001515.png,2,104,196,11052.500
frame_001516.png,2,104,196,11049.000
frame_001517.png,2,104,196,11037.000
frame_001518.png,2,104,196,11031.000
frame_001519.png,2,104,196,11024.500
frame_001520.png,2,105,196,11025.000
frame_001521.png,2,105,196,11022.000
frame_001522.png,2,106,196,11016.000
frame_001523.png,2,106,196,11026.000
frame_001524.png,2,107,196,11010.000
frame_001525.png,2,108,196,10999.500
frame_001526.png,2,108,196,11002.000
frame_001527.png,2,109,196,10997.000
frame_001528.png,2,110,196,10999.500
frame_001529.png,2,111,196,10999.500
frame_001530.png,2,111,196,10995.500
frame_001531.png,2,112,196,11000.000
frame_001532.png,2,113,196,11003.000
frame_001533.png,2,114,196,11004.000
frame_001534.png,2,114,196,10997.500
frame_001535.png,2,112,196,10995.500
frame_001536.png,2,111,196,10993.000
frame_001537.png,2,110,196,10982.000
frame_001538.png,2,110,196,10981.500
frame_001539.png,2,109,196,10968.500
frame_001540.png,2,109,196,10967.500
frame_001541.png,2,109,196,10965.000
frame_001542.png,2,109,196,10957.500
frame_001543.png,2,109,196,10954.000
frame_001544.png,2,109,196,10954.500
frame_001545.png,2,110,196,10943.000
frame_001546.png,2,110,196,10950.000
frame_001547.png,2,110,196,10937.500
frame_001548.png,2,111,196,10935.500
frame_001549.png,2,111,196,10939.500
frame_001550.png,2,112,196,10934.500
frame_001551.png,2,112,196,10941.000
frame_001552.png,2,113,196,10933.000
frame_001553.png,2,114,196,10932.500
frame_001554.png,2,114,196,10936.500
frame_001555.png,2,115,196,10929.000
frame_001556.png,2,116,196,10938.000
frame_001557.png,2,116,196,10934.000
frame_001558.png,2,117,196,10933.000
frame_001559.png,2,118,196,10938.500
frame_001560.png,2,118,196,10938.000
frame_001561.png,2,118,196,10938.000
frame_001562.png,2,118,196,10943.500
frame_001563.png,2,116,196,10936.000
frame_001564.png,2,115,196,10945.500
frame_001565.png,2,114,196,10933.500
frame_001566.png,2,114,196,10933.000
frame_001567.png,2,114,196,10928.500
frame_001568.png,2,113,196,10922.500
frame_001569.png,2,113,196,10930.500
frame_001570.png,2,114,196,10920.500
frame_001571.png,2,114,196,10916.000
frame_001572.png,2,114,196,10918.500
frame_001573.png,2,114,196,10919.500
frame_001574.png,2,114,196,10918.000
frame_001575.png,2,115,196,10917.000
frame_001576.png,2,115,196,10921.000
frame_001577.png,2,116,196,10931.000
frame_001578.png,2,116,196,10921.000
frame_001579.png,2,117,196,10930.500
frame_001580.png,2,117,196,10932.000
frame_001581.png,2,118,196,10933.000
frame_001582.png,2,118,196,10928.500
frame_001583.png,2,118,196,10936.500
frame_001584.png,2,118,196,10933.500
frame_001585.png,2,118,196,10929.500
frame_001586.png,2,118,196,10931.000
frame_001587.png,2,118,195,10940.500
frame_001588.png,2,118,195,10944.000
frame_001589.png,2,118,195,10946.500
frame_001590.png,2,117,195,10934.500
frame_001591.png,2,116,195,10933.500
frame_001592.png,2,116,195,10940.500
frame_001593.png,2,115,195,10944.500
frame_001594.png,2,115,195,10935.000
frame_001595.png,2,115,195,10942.000
frame_001596.png,2,115,195,10933.000
frame_001597.png,2,115,195,10938.000
frame_001598.png,2,116,195,10937.000
frame_001599.png,2,116,195,10933.500
frame_001600.png,2,116,195,10937.500
frame_001601.png,2,117,195,10928.500
frame_001602.png,2,117,195,10938.500
frame_001603.png,2,117,195,10938.500
frame_001604.png,2,118,195,10933.000
frame_001605.png,2,117,195,10941.500
frame_001606.png,2,117,195,10945.500
frame_001607.png,2,118,195,10937.500
frame_001608.png,2,118,195,10937.500
frame_001609.png,2,118,195,10938.500
frame_001610.png,2,118,195,10944.500
frame_001611.png,2,118,195,10940.000
frame_001612.png,2,118,195,10928.500
frame_001613.png,2,118,195,10940.500
frame_001614.png,2,118,195,10940.500
frame_001615.png,2,117,195,10940.500
frame_001616.png,2,117,195,10939.500
frame_001617.png,2,117,195,10937.000
frame_001618.png,2,117,195,10935.000
frame_001619.png,2,117,195,10940.000
frame_001620.png,2,117,195,10939.000
frame_001621.png,2,117,195,10937.500
frame_001622.png,2,117,195,10941.500
frame_001623.png,2,117,195,10940.500
frame_001624.png,2,118,195,10940.000
frame_001625.png,2,118,195,10933.000
frame_001626.png,2,117,195,10942.500
frame_001627.png,2,118,195,10939.000
frame_001628.png,2,118,195,10939.500
frame_001629.png,2,118,195,10939.500
frame_001630.png,2,118,195,10937.000
frame_001631.png,2,117,195,10945.000
frame_001632.png,2,118,195,10946.500
frame_001633.png,2,118,195,10936.000
frame_001634.png,2,118,195,10948.000
frame_001635.png,2,118,195,10946.500
frame_001636.png,2,118,195,10944.500
frame_001637.png,2,117,195,10939.000
frame_001638.png,2,117,195,10938.500
frame_001639.png,2,117,195,10943.000
frame_001640.png,2,117,195,10945.000
frame_001641.png,2,118,195,10941.500
frame_001642.png,2,117,195,10941.500
frame_001643.png,2,117,195,10945.500
frame_001644.png,2,118,195,10944.000
frame_001645.png,2,118,195,10950.500
frame_001646.png,2,118,195,10948.500
frame_001647.png,2,117,195,10948.000
frame_001648.png,2,117,195,10949.500
frame_001649.png,2,118,195,10945.000
frame_001650.png,2,118,195,10949.500
frame_001651.png,2,118,195,10947.500
frame_001652.png,2,118,195,10942.500
frame_001653.png,2,118,195,10945.000
frame_001654.png,2,118,195,10948.000
frame_001655.png,2,118,195,10945.500
frame_001656.png,2,118,195,10943.500
frame_001657.png,2,117,195,10948.000
frame_001658.png,2,117,195,10946.000
frame_001659.png,2,117,195,10949.000
frame_001660.png,2,117,195,10948.000
frame_001661.png,2,118,195,10948.000
frame_001662.png,2,118,195,10949.500
frame_001663.png,2,118,195,10954.000
frame_001664.png,2,118,195,10947.000
frame_001665.png,2,117,195,10958.000
frame_001666.png,2,118,195,10959.500
frame_001667.png,2,118,195,10948.500
frame_001668.png,2,118,195,10949.500
frame_001669.png,2,118,195,10944.500
frame_001670.png,2,118,195,10943.500
frame_001671.png,2,117,195,10947.500
frame_001672.png,2,117,195,10945.500
frame_001673.png,2,117,195,10948.500
frame_001674.png,2,118,195,10955.500
frame_001675.png,2,118,196,10945.500
frame_001676.png,2,118,196,10945.000
frame_001677.png,2,118,196,10950.000
frame_001678.png,2,118,196,10948.000
frame_001679.png,2,118,196,10939.000
frame_001680.png,2,118,196,10944.500
frame_001681.png,2,118,196,10944.000
frame_001682.png,2,117,196,10940.500
frame_001683.png,2,118,196,10944.500
frame_001684.png,2,119,196,10935.500
frame_001685.png,2,119,196,10942.000
frame_001686.png,2,118,196,10942.000
frame_001687.png,2,118,196,10943.500
frame_001688.png,2,118,196,10940.000
frame_001689.png,2,118,196,10942.500
frame_001690.png,2,118,196,10945.500
frame_001691.png,2,118,196,10947.000
frame_001692.png,2,118,196,10940.500
frame_001693.png,2,118,196,10945.500
frame_001694.png,2,117,196,10942.000
frame_001695.png,2,117,196,10954.500
frame_001696.png,2,118,196,10942.000
frame_001697.png,2,118,196,10950.500
frame_001698.png,2,117,196,10956.000
frame_001699.png,2,116,196,10958.500
frame_001700.png,2,116,196,10957.000
frame_001701.png,2,116,196,10952.500
frame_001702.png,2,116,196,10954.000
frame_001703.png,2,117,196,10950.500
frame_001704.png,2,116,196,10956.000
frame_001705.png,2,115,196,10942.500
frame_001706.png,2,115,196,10961.000
frame_001707.png,2,115,196,10946.500
frame_001708.png,2,114,196,10952.000
frame_001709.png,2,114,196,10950.000
frame_001710.png,2,114,196,10945.000
frame_001711.png,2,114,196,10948.000
frame_001712.png,2,114,196,10945.000
frame_001713.png,2,113,196,10937.000
frame_001714.png,2,113,196,10938.000
frame_001715.png,2,113,196,10933.000
frame_001716.png,2,113,196,10926.500
frame_001717.png,2,113,196,10931.500
frame_001718.png,2,113,196,10926.500
frame_001719.png,2,113,196,10927.000
frame_001720.png,2,113,196,10925.000
frame_001721.png,2,113,196,10921.000
frame_001722.png,2,113,196,10920.000
frame_001723.png,2,113,196,10917.000
frame_001724.png,2,113,196,10915.000
frame_001725.png,2,114,196,10909.500
frame_001726.png,2,114,196,10901.500
frame_001727.png,2,114,196,10902.500
frame_001728.png,2,114,196,10908.500
frame_001729.png,2,115,196,10901.000
frame_001730.png,2,115,196,10907.500
frame_001731.png,2,116,196,10904.000
frame_001732.png,2,116,196,10897.500
frame_001733.png,2,116,196,10898.500
frame_001734.png,2,117,196,10900.000
frame_001735.png,2,117,196,10902.500
frame_001736.png,2,117,196,10900.500
frame_001737.png,2,117,196,10906.000
frame_001738.png,2,118,196,10900.500
frame_001739.png,2,118,196,10902.500
frame_001740.png,2,118,196,10903.000
frame_001741.png,2,117,196,10902.000
frame_001742.png,2,117,196,10902.000
frame_001743.png,2,118,196,10902.000
frame_001744.png,2,118,196,10903.500
frame_001745.png,2,118,196,10906.000
frame_001746.png,2,118,196,10908.000
frame_001747.png,2,118,196,10906.500
frame_001748.png,2,118,196,10911.500
frame_001749.png,2,118,196,10903.000
frame_001750.png,2,118,196,10914.500
frame_001751.png,2,118,196,10908.500
frame_001752.png,2,118,196,10909.500
frame_001753.png,2,118,196,10912.500
frame_001754.png,2,119,196,10914.000
frame_001755.png,2,119,196,10915.000
frame_001756.png,2,119,196,10913.000
frame_001757.png,2,119,196,10913.000
frame_001758.png,2,119,196,10927.000
frame_001759.png,2,120,196,10927.000
frame_001760.png,2,120,197,10908.000
frame_001761.png,2,120,197,10908.500
frame_001762.png,2,121,197,10922.500
frame_001763.png,2,121,197,10925.500
frame_001764.png,2,121,197,10918.500
frame_001765.png,2,122,197,10920.500
frame_001766.png,2,122,197,10918.000
frame_001767.png,2,122,197,10920.000
frame_001768.png,2,123,197,10926.000
frame_001769.png,2,123,197,10925.000
frame_001770.png,2,123,197,10918.000
frame_001771.png,2,124,197,10927.000
frame_001772.png,2,124,197,10919.000
frame_001773.png,2,124,197,10928.500
frame_001774.png,2,124,197,10920.500
frame_001775.png,2,125,197,10929.500
frame_001776.png,2,125,197,10943.500
frame_001777.png,2,126,197,10931.000
frame_001778.png,2,126,197,10941.000
frame_001779.png,2,126,197,10929.000
frame_001780.png,2,126,197,10927.000
frame_001781.png,2,126,197,10939.000
frame_001782.png,2,127,197,10933.500
frame_001783.png,2,127,197,10940.500
frame_001784.png,2,127,197,10935.500
frame_001785.png,2,128,197,10934.000
frame_001786.png,2,128,197,10936.000
frame_001787.png,2,128,197,10933.500
frame_001788.png,2,128,197,10924.500
frame_001789.png,2,128,197,10924.000
frame_001790.png,2,129,197,10930.500
frame_001791.png,2,129,197,10931.000
frame_001792.png,2,129,197,10928.000
frame_001793.png,2,129,197,10923.500
frame_001794.png,2,129,197,10925.500
frame_001795.png,2,129,197,10926.500
frame_001796.png,2,130,197,10924.500
frame_001797.png,2,130,197,10925.500
frame_001798.png,2,130,197,10926.500
frame_001799.png,2,130,197,10924.500
frame_001800.png,2,130,197,10924.500
frame_001801.png,2,130,197,10919.500
frame_001802.png,2,130,197,10923.500
frame_001803.png,2,130,197,10922.000
frame_001804.png,2,130,197,10920.000
frame_001805.png,2,130,197,10919.000
frame_001806.png,2,130,197,10917.500
frame_001807.png,2,130,197,10920.000
frame_001808.png,2,130,197,10916.500
frame_001809.png,2,130,198,10907.000
frame_001810.png,2,130,198,10901.000
frame_001811.png,2,130,198,10906.000
frame_001812.png,2,130,198,10902.000
frame_001813.png,2,130,198,10908.000
frame_001814.png,2,130,198,10901.500
frame_001815.png,2,130,198,10906.000
frame_001816.png,2,130,198,10902.000
frame_001817.png,2,129,198,10908.000
frame_001818.png,2,129,198,10903.000
frame_001819.png,2,129,198,10901.000
frame_001820.png,2,129,198,10904.000
frame_001821.png,2,129,198,10898.000
frame_001822.png,2,129,198,10905.500
frame_001823.png,2,129,198,10902.500
frame_001824.png,2,129,198,10903.500
frame_001825.png,2,129,198,10900.000
frame_001826.png,2,129,198,10907.500
frame_001827.png,2,128,198,10895.500
frame_001828.png,2,128,198,10903.000
frame_001829.png,2,128,198,10901.000
frame_001830.png,2,128,198,10906.000
frame_001831.png,2,127,198,10908.000
frame_001832.png,2,127,198,10902.500
frame_001833.png,2,127,198,10918.000
frame_001834.png,2,127,198,10912.000
frame_001835.png,2,127,198,10894.500
frame_001836.png,2,127,198,10914.500
frame_001837.png,2,126,198,10895.000
frame_001838.png,2,126,198,10896.000
frame_001839.png,2,126,198,10896.000
frame_001840.png,2,126,198,10896.000
frame_001841.png,2,126,198,10892.500
frame_001842.png,2,126,198,10903.500
frame_001843.png,2,126,198,10894.000
frame_001844.png,2,126,198,10901.500
frame_001845.png,2,125,198,10903.500
frame_001846.png,2,125,198,10902.500
frame_001847.png,2,124,198,10909.000
frame_001848.png,2,124,198,10911.000
frame_001849.png,2,123,198,10916.000
frame_001850.png,2,123,198,10918.000
frame_001851.png,2,122,198,10927.500
frame_001852.png,2,122,198,10925.000
frame_001853.png,2,122,198,10927.500
frame_001854.png,2,121,198,10933.000
frame_001855.png,2,119,198,10940.500
frame_001856.png,2,119,198,10936.500
frame_001857.png,2,117,198,10943.000
frame_001858.png,2,116,198,10946.500
frame_001859.png,2,117,198,10951.500
frame_001860.png,2,116,198,10942.500
frame_001861.png,2,116,198,10955.500
frame_001862.png,2,116,198,10963.000
frame_001863.png,2,115,198,10956.000
frame_001864.png,2,115,198,10958.000
frame_001865.png,2,114,198,10965.000
frame_001866.png,2,114,198,10967.500
frame_001867.png,2,114,198,10971.500
frame_001868.png,2,114,198,10978.000
frame_001869.png,2,114,198,10981.500
frame_001870.png,2,123,199,10948.000
frame_001871.png,2,122,199,10952.000
frame_001872.png,2,121,199,10962.500
frame_001873.png,2,118,199,10964.000
frame_001874.png,2,118,199,10974.000
frame_001875.png,2,117,199,10975.000
frame_001876.png,2,117,199,10980.500
frame_001877.png,2,117,199,10983.000
frame_001878.png,2,117,199,10991.000
frame_001879.png,2,116,199,10993.500
frame_001880.png,2,116,199,10992.500
frame_001881.png,2,116,199,10998.500
frame_001882.png,2,116,199,10996.500
frame_001883.png,2,114,199,11004.500
frame_001884.png,2,113,199,11015.000
frame_001885.png,2,113,199,11014.000
frame_001886.png,2,114,199,11022.000
frame_001887.png,2,114,199,11028.000
frame_001888.png,2,115,199,11024.000
frame_001889.png,2,115,199,11035.000
frame_001890.png,2,116,199,11032.000
frame_001891.png,2,116,199,11043.000
frame_001892.png,2,117,199,11047.500
frame_001893.png,2,117,199,11051.500
frame_001894.png,2,117,199,11050.000
frame_001895.png,2,118,199,11040.000
frame_001896.png,2,119,199,11059.000
frame_001897.png,2,119,199,11059.500
frame_001898.png,2,119,199,11054.000
frame_001899.png,2,118,199,11056.000
frame_001900.png,2,117,199,11056.000
frame_001901.png,2,117,199,11061.000
frame_001902.png,2,117,199,11069.000
frame_001903.png,2,116,199,11079.000
frame_001904.png,2,116,199,11067.000
frame_001905.png,2,116,199,11080.000
frame_001906.png,2,116,199,11083.000
frame_001907.png,2,116,199,11092.000
frame_001908.png,2,116,199,11091.500
frame_001909.png,2,116,199,11114.500
frame_001910.png,2,117,199,11116.000
frame_001911.png,2,117,200,11131.500
frame_001912.png,2,117,200,11137.000
frame_001913.png,2,117,200,11146.500
frame_001914.png,2,117,200,11151.500
frame_001915.png,2,116,200,11156.000
frame_001916.png,2,115,200,11159.000
frame_001917.png,2,114,200,11123.000
frame_001918.png,2,114,200,11149.500
frame_001919.png,2,113,200,11161.000
frame_001920.png,2,113,200,11157.000
frame_001921.png,2,113,200,11160.500
frame_001922.png,2,112,200,11156.500
frame_001923.png,2,112,200,11167.500
frame_001924.png,2,112,200,11171.000
frame_001925.png,2,112,200,11178.000
frame_001926.png,2,111,200,11198.000
frame_001927.png,2,111,200,11197.000
frame_001928.png,2,111,200,11207.500
frame_001929.png,2,111,200,11219.000
frame_001930.png,2,111,200,11226.500
frame_001931.png,2,111,200,11247.000
frame_001932.png,2,112,200,11251.000
frame_001933.png,2,112,200,11271.500
frame_001934.png,2,111,200,11267.000
frame_001935.png,2,110,200,11260.000
frame_001936.png,2,109,200,11255.000
frame_001937.png,2,108,200,11257.500
frame_001938.png,2,107,200,11247.000
frame_001939.png,2,107,200,11250.000
frame_001940.png,2,106,200,11242.500
frame_001941.png,2,106,200,11248.000
frame_001942.png,2,106,200,11248.000
frame_001943.png,2,105,200,11259.500
frame_001944.png,2,105,200,11262.000
frame_001945.png,2,105,200,11287.000
frame_001946.png,2,105,200,11293.000
frame_001947.png,2,105,200,11319.000
frame_001948.png,2,105,200,11338.500
frame_001949.png,2,106,200,11354.500
frame_001950.png,2,105,200,11334.000
frame_001951.png,2,104,200,11316.500
frame_001952.png,2,103,200,11321.500
frame_001953.png,1,102,200,11306.500
frame_001954.png,1,102,199,11297.500
frame_001955.png,1,102,199,11282.000
frame_001956.png,1,102,199,11292.000
frame_001957.png,1,101,199,11291.500
frame_001958.png,1,102,199,11290.500
frame_001959.png,1,102,199,11293.000
frame_001960.png,1,102,198,11302.500
frame_001961.png,1,102,199,11309.500
frame_001962.png,1,102,199,11318.500
frame_001963.png,2,103,199,11342.000
frame_001964.png,2,103,198,11360.000
frame_001965.png,2,103,198,11366.000
frame_001966.png,2,103,198,11367.000
frame_001967.png,1,102,199,11331.500
frame_001968.png,1,101,199,11318.500
frame_001969.png,1,102,199,11287.500
frame_001970.png,2,104,199,11261.000
frame_001971.png,2,104,199,11248.000
frame_001972.png,2,104,199,11239.000
frame_001973.png,2,105,199,11237.000
frame_001974.png,2,105,199,11231.500
frame_001975.png,2,106,199,11228.000
frame_001976.png,2,106,199,11229.000
frame_001977.png,2,107,199,11236.500
frame_001978.png,2,107,199,11243.000
frame_001979.png,2,107,199,11244.500
frame_001980.png,2,108,199,11261.500
frame_001981.png,2,108,199,11255.000
frame_001982.png,2,108,199,11242.500
frame_001983.png,1,97,199,11258.500
frame_001984.png,1,98,199,11240.500
frame_001985.png,1,98,199,11200.500
frame_001986.png,1,98,199,11191.000
frame_001987.png,1,100,199,11162.500
frame_001988.png,1,100,199,11155.500
frame_001989.png,1,102,199,11137.000
frame_001990.png,1,102,199,11128.000
frame_001991.png,2,103,199,11124.000
frame_001992.png,2,103,199,11119.000
frame_001993.png,2,120,199,11006.500
frame_001994.png,2,120,199,11003.500
frame_001995.png,2,119,199,11014.500
frame_001996.png,2,117,199,11031.500
frame_001997.png,2,116,199,11042.500
frame_001998.png,2,115,199,11072.500
frame_001999.png,1,100,199,11142.000
frame_002000.png,1,100,199,11138.000
frame_002001.png,1,101,199,11105.000
frame_002002.png,1,101,199,11102.000
frame_002003.png,1,102,199,11080.500
frame_002004.png,2,103,199,11066.000
frame_002005.png,2,103,199,11048.000
frame_002006.png,2,103,199,11045.500
frame_002007.png,2,120,200,10911.500
frame_002008.png,2,120,200,10899.000
frame_002009.png,2,118,200,10921.000
frame_002010.png,2,117,200,10945.500
frame_002011.png,2,115,200,10978.500
frame_002012.png,2,109,200,11009.500
frame_002013.png,2,104,200,11030.000
frame_002014.png,1,101,200,11040.500
frame_002015.png,2,104,200,11024.000
frame_002016.png,2,105,200,11017.500
frame_002017.png,2,104,200,11016.000
frame_002018.png,2,104,200,11010.000
frame_002019.png,2,104,200,11005.500
frame_002020.png,2,104,200,10999.000
frame_002021.png,2,104,200,10986.000
frame_002022.png,2,105,200,10993.000
frame_002023.png,2,105,200,10986.500
frame_002024.png,2,105,200,10985.000
frame_002025.png,2,106,200,10982.000
frame_002026.png,2,106,200,10988.000
frame_002027.png,2,107,200,10987.500
frame_002028.png,2,107,200,10999.500
frame_002029.png,2,108,200,10985.500
frame_002030.png,2,108,200,10995.500
frame_002031.png,2,109,200,10990.500
frame_002032.png,2,110,200,11000.000
frame_002033.png,2,111,200,11013.500
frame_002034.png,2,111,200,11003.500
frame_002035.png,2,111,200,10989.000
frame_002036.png,2,111,200,10992.000
frame_002037.png,2,111,200,11004.000
frame_002038.png,2,111,200,11015.000
frame_002039.png,2,112,200,11002.000
frame_002040.png,2,112,200,11002.000
frame_002041.png,2,112,200,11009.500
frame_002042.png,2,113,200,11019.000
frame_002043.png,2,113,200,11016.000
frame_002044.png,2,114,200,11020.000
frame_002045.png,2,114,200,11039.000
frame_002046.png,2,114,200,11033.500
frame_002047.png,2,115,200,11038.500
frame_002048.png,2,115,200,11040.500
frame_002049.png,2,116,200,11048.000
frame_002050.png,2,116,200,11052.500
frame_002051.png,2,117,200,11062.000
frame_002052.png,2,117,200,11058.000
frame_002053.png,2,117,201,11060.000
frame_002054.png,2,117,201,11070.500
frame_002055.png,2,118,201,11085.500
frame_002056.png,2,118,201,11082.500
frame_002057.png,2,118,201,11090.000
frame_002058.png,2,118,201,11103.000
frame_002059.png,2,119,201,11109.500
frame_002060.png,2,119,201,11114.500
frame_002061.png,2,119,201,11117.500
frame_002062.png,2,119,201,11123.500
frame_002063.png,2,119,201,11128.000
frame_002064.png,2,119,201,11140.500
frame_002065.png,2,119,202,11142.000
frame_002066.png,2,119,202,11158.000
frame_002067.png,2,119,202,11172.000
frame_002068.png,2,119,202,11179.000
frame_002069.png,2,119,202,11188.500
frame_002070.png,2,119,202,11186.000
frame_002071.png,2,119,202,11212.000
frame_002072.png,2,119,203,11216.500
frame_002073.png,2,120,203,11234.000
frame_002074.png,2,120,203,11247.500
frame_002075.png,2,120,203,11260.500
frame_002076.png,2,120,203,11254.000
frame_002077.png,2,120,203,11284.000
frame_002078.png,2,120,204,11295.500
frame_002079.png,2,120,204,11313.500
frame_002080.png,2,120,204,11338.500
frame_002081.png,2,121,204,11360.000
frame_002082.png,2,121,204,11369.000
frame_002083.png,2,121,205,11390.000
frame_002084.png,2,122,205,11408.000
frame_002085.png,2,122,205,11422.000
frame_002086.png,2,122,205,11438.500
frame_002087.png,2,123,206,11472.500
frame_002088.png,2,123,206,11465.000
frame_002089.png,2,123,206,11507.000
frame_002090.png,2,123,206,11520.500
frame_002091.png,2,124,207,11556.000
frame_002092.png,2,124,207,11574.000
frame_002093.png,2,124,208,11602.500
frame_002094.png,2,125,208,11639.500
frame_002095.png,2,125,208,11676.500
frame_002096.png,2,125,209,11704.000
frame_002097.png,2,126,209,11752.000
frame_002098.png,2,126,210,11763.000
frame_002099.png,2,126,210,11819.500
frame_002100.png,2,126,211,11837.500
frame_002101.png,2,127,212,11905.500
frame_002102.png,2,127,212,11946.500
frame_002103.png,2,128,213,12007.000
frame_002104.png,2,128,213,12023.000
frame_002105.png,2,128,215,12071.500
frame_002106.png,2,128,215,12101.000
frame_002107.png,2,128,217,12011.500
frame_002108.png,2,128,218,11673.000
frame_002109.png,2,128,219,10608.500
frame_002110.png,1,99,220,9727.000
frame_002111.png,2,105,221,9322.500
frame_002112.png,2,110,221,9136.500
frame_002113.png,2,115,221,8784.000
frame_002114.png,2,119,222,8182.000
frame_002115.png,2,111,223,7316.000
frame_002116.png,1,102,224,6574.000
frame_002117.png,1,92,224,5871.000
frame_002118.png,1,88,223,5692.500
frame_002119.png,1,84,220,6025.000
frame_002120.png,1,83,218,6292.000
frame_002121.png,1,82,214,6787.500
frame_002122.png,1,82,212,7182.000
frame_002123.png,1,82,208,7809.500
frame_002124.png,1,82,207,8042.000
frame_002125.png,1,83,203,8738.500
frame_002126.png,1,83,202,8996.000
frame_002127.png,1,84,196,10015.500
frame_002128.png,1,84,195,10301.000
frame_002129.png,1,83,194,10624.500
frame_002130.png,1,83,194,10703.000
frame_002131.png,1,81,194,10856.000
frame_002132.png,1,81,194,10929.500
frame_002133.png,1,80,194,11016.000
frame_002134.png,1,80,194,11059.500
frame_002135.png,1,80,194,11128.500
frame_002136.png,1,80,194,11157.000
frame_002137.png,1,81,194,11186.500
frame_002138.png,1,81,194,11204.000
frame_002139.png,1,82,194,11216.000
frame_002140.png,1,83,194,11212.000
frame_002141.png,1,85,194,11208.500
frame_002142.png,1,86,194,11186.500
frame_002143.png,1,87,194,11150.000
frame_002144.png,1,89,194,11113.500
frame_002145.png,1,93,194,11071.000
frame_002146.png,1,95,194,11060.000
frame_002147.png,1,98,194,11031.000
frame_002148.png,1,100,194,11004.500
frame_002149.png,1,102,194,10986.500
frame_002150.png,1,102,194,10978.000
frame_002151.png,2,103,194,10967.500
frame_002152.png,2,104,194,10965.000
frame_002153.png,2,104,194,10957.500
frame_002154.png,2,105,194,10952.500
frame_002155.png,2,106,194,10948.000
frame_002156.png,2,107,194,10945.500
frame_002157.png,2,108,194,10945.500
frame_002158.png,2,108,194,10947.000
frame_002159.png,2,109,194,10942.000
frame_002160.png,2,110,194,10943.000
frame_002161.png,2,112,194,10943.000
frame_002162.png,2,113,194,10947.000
frame_002163.png,2,114,194,10945.000
frame_002164.png,2,114,194,10948.000
frame_002165.png,2,115,194,10950.500
frame_002166.png,2,116,194,10954.000
frame_002167.png,2,117,194,10953.500
frame_002168.png,2,117,194,10953.000
frame_002169.png,2,118,194,10957.000
frame_002170.png,2,118,194,10959.500
frame_002171.png,2,119,194,10958.500
frame_002172.png,2,119,194,10962.500
frame_002173.png,2,119,194,10961.500
frame_002174.png,2,119,194,10964.000
frame_002175.png,2,119,194,10961.500
frame_002176.png,2,119,194,10967.500
frame_002177.png,2,119,194,10966.000
frame_002178.png,2,120,194,10965.000
frame_002179.png,2,120,194,10969.500
frame_002180.png,2,120,194,10969.000
frame_002181.png,2,120,194,10967.000
frame_002182.png,2,120,194,10970.500
frame_002183.png,2,121,194,10987.000
frame_002184.png,2,121,194,10958.000
frame_002185.png,2,121,194,10991.500
frame_002186.png,2,121,194,10961.500
frame_002187.png,2,122,194,10979.000
frame_002188.png,2,122,194,10966.000
frame_002189.png,2,122,194,10982.500
frame_002190.png,2,123,194,10957.000
frame_002191.png,2,123,194,10990.000
frame_002192.png,2,123,194,10966.000
frame_002193.png,2,123,194,10990.000
frame_002194.png,2,123,194,10977.500
frame_002195.png,2,124,194,10986.500
frame_002196.png,2,124,194,10984.000
frame_002197.png,2,124,194,10983.000
frame_002198.png,2,125,194,10989.500
frame_002199.png,2,125,194,10987.500
frame_002200.png,2,125,194,10987.500
frame_002201.png,2,125,194,10986.500
frame_002202.png,2,126,194,10990.000
frame_002203.png,2,126,194,10989.000
frame_002204.png,2,126,194,10988.000
frame_002205.png,2,126,194,10995.000
frame_002206.png,2,127,194,10992.500
frame_002207.png,2,127,194,10992.500
frame_002208.png,2,127,194,10993.000
frame_002209.png,2,127,194,10991.500
frame_002210.png,2,127,194,10991.500
frame_002211.png,2,127,194,10991.500
frame_002212.png,2,128,194,10989.000
frame_002213.png,2,128,194,10992.000
frame_002214.png,2,128,194,10991.500
frame_002215.png,2,128,194,10990.500
frame_002216.png,2,128,194,10988.500
frame_002217.png,2,128,194,10990.500
frame_002218.png,2,128,194,10991.500
frame_002219.png,2,129,194,10991.000
frame_002220.png,2,129,194,10993.000
frame_002221.png,2,129,194,10992.000
frame_002222.png,2,129,194,10992.000
frame_002223.png,2,129,194,10990.500
frame_002224.png,2,129,194,10991.500
frame_002225.png,2,129,194,10992.500
frame_002226.png,2,129,194,10991.000
frame_002227.png,2,129,194,10987.000
frame_002228.png,2,129,194,10987.000
frame_002229.png,2,129,194,10990.000
frame_002230.png,2,129,194,10989.500
frame_002231.png,2,129,194,10988.500
frame_002232.png,2,129,194,10990.500
frame_002233.png,2,129,194,10994.500
frame_002234.png,2,129,194,10991.500
frame_002235.png,2,129,194,10989.500
frame_002236.png,2,129,194,10986.500
frame_002237.png,2,129,194,10987.500
frame_002238.png,2,129,194,10987.500
frame_002239.png,2,129,194,10983.500
frame_002240.png,2,129,194,10989.000
frame_002241.png,2,129,194,10985.000
frame_002242.png,2,129,194,10988.000
frame_002243.png,2,129,194,10986.000
frame_002244.png,2,129,194,10988.000
frame_002245.png,2,129,194,10986.000
frame_002246.png,2,129,194,10987.000
frame_002247.png,2,129,194,10988.000
frame_002248.png,2,129,194,10987.000
frame_002249.png,2,129,194,10985.000
frame_002250.png,2,128,194,10982.500
frame_002251.png,2,128,194,10980.500
frame_002252.png,2,128,194,10980.500
frame_002253.png,2,128,194,10980.500
frame_002254.png,2,128,195,10976.000
frame_002255.png,2,128,195,10976.000
frame_002256.png,2,128,195,10976.000
frame_002257.png,2,128,195,10976.000
frame_002258.png,2,128,195,10976.000
frame_002259.png,2,128,195,10976.000
frame_002260.png,2,128,195,10976.000
frame_002261.png,2,128,195,10976.000
frame_002262.png,2,128,195,10976.000
frame_002263.png,2,128,195,10976.000
frame_002264.png,2,128,195,10976.000
frame_002265.png,2,128,195,10976.000
frame_002266.png,2,128,195,10976.000
frame_002267.png,2,128,195,10977.000
frame_002268.png,2,128,195,10976.000
frame_002269.png,2,128,195,10976.000
frame_002270.png,2,128,195,10977.000
frame_002271.png,2,128,195,10977.000
frame_002272.png,2,128,195,10977.000
frame_002273.png,2,128,195,10977.000
frame_002274.png,2,128,195,10977.500
frame_002275.png,2,128,195,10977.500
frame_002276.png,2,128,195,10977.500
frame_002277.png,2,128,195,10977.500
frame_002278.png,2,128,195,10976.500
frame_002279.png,2,128,195,10976.500
frame_002280.png,2,128,195,10976.500
frame_002281.png,2,128,195,10976.500
frame_002282.png,2,128,195,10976.500
frame_002283.png,2,128,195,10976.500
frame_002284.png,2,128,195,10976.500
frame_002285.png,2,128,195,10976.500
frame_002286.png,2,128,195,10976.500
frame_002287.png,2,128,195,10975.500
frame_002288.png,2,128,195,10976.500
frame_002289.png,2,128,195,10976.500
frame_002290.png,2,128,195,10977.500
frame_002291.png,2,128,195,10974.000
frame_002292.png,2,128,195,10974.000
frame_002293.png,2,128,195,10973.000
frame_002294.png,2,128,195,10973.000
frame_002295.png,2,128,195,10973.000
frame_002296.png,2,128,195,10969.000
frame_002297.png,2,128,195,10965.500
frame_002298.png,2,128,195,10965.500
frame_002299.png,2,128,195,10967.500
frame_002300.png,2,128,195,10967.500
frame_002301.png,2,128,195,10967.500
frame_002302.png,2,128,195,10967.500
frame_002303.png,2,128,195,10967.500
frame_002304.png,2,128,195,10967.500
frame_002305.png,2,128,195,10967.500
frame_002306.png,2,128,195,10967.500
frame_002307.png,2,128,195,10967.500
frame_002308.png,2,128,195,10969.000
frame_002309.png,2,128,195,10968.000
frame_002310.png,2,128,195,10968.000
frame_002311.png,2,128,195,10969.000
frame_002312.png,2,128,195,10968.000
frame_002313.png,2,128,195,10969.000
frame_002314.png,2,128,195,10969.000
frame_002315.png,2,128,195,10969.000
frame_002316.png,2,128,195,10969.000
frame_002317.png,2,128,195,10969.000
frame_002318.png,2,128,195,10968.000
frame_002319.png,2,128,195,10967.000
frame_002320.png,2,128,195,10967.000
frame_002321.png,2,128,195,10967.000
frame_002322.png,2,128,195,10968.000
frame_002323.png,2,128,195,10969.000
frame_002324.png,2,128,195,10969.000
frame_002325.png,2,128,195,10965.000
frame_002326.png,2,128,195,10966.000
frame_002327.png,2,128,195,10966.000
frame_002328.png,2,128,195,10966.000
frame_002329.png,2,128,195,10964.000
frame_002330.png,2,128,196,10960.500
frame_002331.png,2,128,196,10961.500
frame_002332.png,2,128,196,10962.500
frame_002333.png,2,128,196,10960.500
frame_002334.png,2,128,196,10957.500
frame_002335.png,2,128,196,10957.000
frame_002336.png,2,128,196,10957.000
frame_002337.png,2,128,196,10957.000
frame_002338.png,2,128,196,10958.000
frame_002339.png,2,128,196,10957.000
frame_002340.png,2,128,196,10958.000
frame_002341.png,2,128,196,10959.000
frame_002342.png,2,128,196,10960.000
frame_002343.png,2,128,196,10960.000
frame_002344.png,2,128,196,10960.000
frame_002345.png,2,128,196,10960.000
frame_002346.png,2,128,196,10959.000
frame_002347.png,2,128,196,10959.000
frame_002348.png,2,128,196,10959.000
frame_002349.png,2,128,196,10959.000
frame_002350.png,2,128,196,10953.500
frame_002351.png,2,128,196,10954.500
frame_002352.png,2,128,196,10954.500
frame_002353.png,2,128,196,10953.500
frame_002354.png,2,128,196,10949.500
frame_002355.png,2,128,196,10947.500
frame_002356.png,2,128,196,10946.500
frame_002357.png,2,128,196,10946.500
frame_002358.png,2,128,196,10947.500
frame_002359.png,2,128,196,10947.500
frame_002360.png,2,128,196,10948.500
frame_002361.png,2,128,196,10947.500
frame_002362.png,2,128,196,10949.500
frame_002363.png,2,128,196,10948.500
frame_002364.png,2,128,196,10948.500
frame_002365.png,2,128,196,10948.500
frame_002366.png,2,128,196,10947.500
frame_002367.png,2,128,196,10946.500
frame_002368.png,2,128,196,10946.500
frame_002369.png,2,128,196,10945.500
frame_002370.png,2,128,196,10940.500
frame_002371.png,2,128,196,10938.500
frame_002372.png,2,128,196,10938.500
frame_002373.png,2,128,196,10937.500
frame_002374.png,2,128,196,10935.500
frame_002375.png,2,128,197,10927.000
frame_002376.png,2,128,197,10927.000
frame_002377.png,2,128,197,10927.000
frame_002378.png,2,128,197,10927.000
frame_002379.png,2,128,197,10926.000
frame_002380.png,2,128,197,10928.000
frame_002381.png,2,128,197,10934.000
frame_002382.png,2,128,197,10936.000
frame_002383.png,2,128,197,10937.000
frame_002384.png,2,128,197,10937.000
frame_002385.png,2,128,197,10939.000
frame_002386.png,2,128,197,10939.000
frame_002387.png,2,128,197,10938.000
frame_002388.png,2,128,197,10937.500
frame_002389.png,2,128,197,10933.000
frame_002390.png,2,128,197,10933.000
frame_002391.png,2,128,197,10932.000
frame_002392.png,2,128,197,10931.000
frame_002393.png,2,128,197,10925.000
frame_002394.png,2,128,197,10920.500
frame_002395.png,2,128,197,10921.000
frame_002396.png,2,128,197,10921.000
frame_002397.png,2,128,197,10921.000
frame_002398.png,2,128,197,10921.000
frame_002399.png,2,128,197,10921.000
frame_002400.png,2,128,197,10922.000
frame_002401.png,2,128,197,10923.500
frame_002402.png,2,128,197,10916.500
frame_002403.png,2,128,197,10914.500
frame_002404.png,2,128,197,10914.500
frame_002405.png,2,128,197,10915.500
frame_002406.png,2,128,197,10912.500
frame_002407.png,2,127,198,10904.500
frame_002408.png,2,127,198,10904.500
frame_002409.png,2,128,198,10909.000
frame_002410.png,2,128,198,10904.000
frame_002411.png,2,128,198,10906.500
frame_002412.png,2,128,198,10907.500
frame_002413.png,2,128,198,10901.000
frame_002414.png,2,128,198,10902.000
frame_002415.png,2,128,198,10902.000
frame_002416.png,2,128,198,10901.000
frame_002417.png,2,128,198,10896.000
frame_002418.png,2,128,198,10889.500
frame_002419.png,2,128,198,10889.500
frame_002420.png,2,128,198,10891.000
frame_002421.png,2,128,198,10890.000
frame_002422.png,2,128,198,10883.000
frame_002423.png,2,127,198,10883.500
frame_002424.png,2,127,198,10882.500
frame_002425.png,2,128,198,10885.000
frame_002426.png,2,128,198,10879.000
frame_002427.png,2,128,198,10893.500
frame_002428.png,2,128,199,10873.000
frame_002429.png,2,128,199,10865.500
frame_002430.png,2,128,199,10866.500
frame_002431.png,2,128,199,10866.500
frame_002432.png,2,128,199,10870.000
frame_002433.png,2,128,199,10896.000
frame_002434.png,2,128,199,10954.000
frame_002435.png,2,128,199,10852.000
frame_002436.png,2,128,199,10845.000
frame_002437.png,2,128,199,10845.000
frame_002438.png,2,128,199,10868.000
frame_002439.png,2,128,199,10978.000
frame_002440.png,2,128,199,10954.000
frame_002441.png,2,128,200,10824.000
frame_002442.png,2,128,200,10823.000
frame_002443.png,2,128,200,10859.000
frame_002444.png,2,128,200,10974.000
frame_002445.png,2,128,200,10962.000
frame_002446.png,2,128,200,10946.000
frame_002447.png,2,128,200,10892.000
frame_002448.png,2,128,200,10868.500
frame_002449.png,2,107,200,11084.000
frame_002450.png,2,108,200,11096.000
frame_002451.png,2,110,200,11110.000
frame_002452.png,2,111,200,11136.500
frame_002453.png,2,113,200,11139.500
frame_002454.png,2,115,201,11144.500
frame_002455.png,2,116,201,11173.000
frame_002456.png,2,118,201,11213.000
frame_002457.png,2,119,201,11226.000
frame_002458.png,2,121,201,11197.500
frame_002459.png,2,122,201,11229.500
frame_002460.png,2,123,201,11248.500
frame_002461.png,2,124,201,11255.000
frame_002462.png,2,124,201,11247.000
frame_002463.png,2,125,202,11260.000
frame_002464.png,2,126,202,11274.000
frame_002465.png,2,128,202,11297.000
frame_002466.png,2,128,202,11271.000
frame_002467.png,2,128,202,11316.500
frame_002468.png,2,128,202,11303.000
frame_002469.png,2,128,203,11281.500
frame_002470.png,2,128,203,11288.000
frame_002471.png,2,128,203,11291.500
frame_002472.png,2,128,203,11253.500
frame_002473.png,2,128,203,11294.000
frame_002474.png,2,128,203,11244.500
frame_002475.png,2,128,204,11249.000
frame_002476.png,2,128,204,11220.500
frame_002477.png,2,128,204,11200.500
frame_002478.png,2,128,204,11185.500
frame_002479.png,2,128,204,11180.500
frame_002480.png,2,128,205,11166.500
frame_002481.png,2,128,205,11137.500
frame_002482.png,2,128,205,11121.500
frame_002483.png,2,128,205,11115.500
frame_002484.png,2,128,206,11079.000
frame_002485.png,2,128,206,11073.000
frame_002486.png,2,128,206,11044.000
frame_002487.png,2,128,206,11013.500
frame_002488.png,2,128,207,11011.000
frame_002489.png,2,128,207,10970.500
frame_002490.png,2,128,207,10938.000
frame_002491.png,2,128,208,10936.500
frame_002492.png,2,128,208,10918.500
frame_002493.png,2,128,208,10902.500
frame_002494.png,2,128,209,10900.500
frame_002495.png,2,128,209,10885.000
frame_002496.png,2,128,210,10879.000
frame_002497.png,2,128,210,10850.500
frame_002498.png,2,128,211,10849.000
frame_002499.png,2,128,211,10844.500
frame_002500.png,2,128,212,10850.500
frame_002501.png,2,128,212,10857.500
frame_002502.png,2,128,213,10876.500
frame_002503.png,2,128,213,10891.500
frame_002504.png,2,128,214,10922.500
frame_002505.png,2,128,215,10957.000
frame_002506.png,2,128,215,10999.500
frame_002507.png,2,128,217,11115.000
frame_002508.png,2,128,217,11183.500
frame_002509.png,2,128,218,11301.500
frame_002510.png,2,128,219,11480.500
frame_002511.png,2,128,220,11729.500
frame_002512.png,2,128,221,12100.500
frame_002513.png,2,128,223,12616.000
frame_002514.png,2,128,224,13035.000
frame_002515.png,2,128,226,12703.000
frame_002516.png,2,128,227,11715.000
frame_002517.png,2,128,229,10649.500
frame_002518.png,2,126,231,9915.000
frame_002519.png,2,128,233,8643.500
frame_002520.png,2,128,235,7646.000
frame_002521.png,2,128,237,5839.000
frame_002522.png,2,128,239,4455.000
frame_002523.png,1,91,243,2409.000
frame_002524.png,1,67,245,1521.500
frame_002525.png,1,66,244,1867.000
frame_002526.png,1,67,243,2076.500
frame_002527.png,1,71,242,2451.000
frame_002528.png,1,74,240,2740.500
frame_002529.png,1,81,236,3455.500
frame_002530.png,1,79,233,4007.500
frame_002531.png,1,87,229,4657.500
frame_002532.png,1,87,228,5115.500
frame_002533.png,1,88,226,5755.000
frame_002534.png,1,88,225,6129.000
frame_002535.png,1,87,223,6406.000
frame_002536.png,1,86,222,6626.500
frame_002537.png,1,86,220,7011.000
frame_002538.png,1,87,218,7461.000
frame_002539.png,1,88,217,7767.500
frame_002540.png,1,89,216,8208.000
frame_002541.png,1,91,215,8675.500
frame_002542.png,1,92,214,8978.500
frame_002543.png,1,94,212,9426.000
frame_002544.png,1,95,211,9678.500
frame_002545.png,1,94,210,9609.000
frame_002546.png,1,92,210,9556.000
frame_002547.png,1,89,209,9534.000
frame_002548.png,1,89,208,9705.500
frame_002549.png,1,88,207,10018.000
frame_002550.png,1,88,206,10115.500
frame_002551.png,1,87,205,10280.000
frame_002552.png,1,86,199,10604.000
frame_002553.png,1,86,199,10963.500
frame_002554.png,1,85,199,11215.000
frame_002555.png,1,86,199,11507.000
frame_002556.png,1,86,199,11684.500
frame_002557.png,1,86,199,11856.500
frame_002558.png,1,88,199,11855.500
frame_002559.png,1,89,199,11805.000
frame_002560.png,1,90,199,11757.000
frame_002561.png,1,92,199,11643.500
frame_002562.png,1,92,199,11591.000
frame_002563.png,1,93,199,11487.000
frame_002564.png,1,94,199,11412.000
frame_002565.png,1,95,199,11327.000
frame_002566.png,1,96,198,11312.000
frame_002567.png,1,98,198,11232.500
frame_002568.png,1,100,198,11187.500
frame_002569.png,1,102,198,11149.000
frame_002570.png,1,102,198,11127.500
frame_002571.png,2,110,196,11195.500
frame_002572.png,2,111,196,11187.500
frame_002573.png,2,111,196,11178.500
frame_002574.png,2,113,196,11200.500
frame_002575.png,2,113,196,11192.500
frame_002576.png,2,114,196,11204.500
frame_002577.png,2,114,196,11222.500
frame_002578.png,2,113,196,11225.000
frame_002579.png,2,115,196,11198.500
frame_002580.png,2,115,196,11173.000
frame_002581.png,2,117,196,11145.000
frame_002582.png,2,118,196,11118.000
frame_002583.png,2,119,196,11056.500
frame_002584.png,3,194,195,9392.000
frame_002585.png,3,191,195,9639.000
frame_002586.png,3,187,195,10058.500
frame_002587.png,3,179,195,10679.000
frame_002588.png,3,176,195,10874.500
frame_002589.png,3,170,195,10983.500
frame_002590.png,3,165,195,10992.500
frame_002591.png,3,156,195,11003.000
frame_002592.png,2,153,195,11019.500
frame_002593.png,2,147,195,11033.000
frame_002594.png,2,143,195,11059.500
frame_002595.png,2,135,195,11083.500
frame_002596.png,2,131,195,11095.500
frame_002597.png,2,127,195,11102.500
frame_002598.png,2,124,195,11112.000
frame_002599.png,2,120,195,11115.500
frame_002600.png,2,117,195,11113.500
frame_002601.png,2,115,195,11130.000
frame_002602.png,2,113,195,11122.000
frame_002603.png,2,112,195,11132.000
frame_002604.png,2,111,195,11122.500
frame_002605.png,2,110,195,11133.500
frame_002606.png,2,109,195,11131.500
frame_002607.png,2,109,195,11140.500
frame_002608.png,2,108,195,11144.000
frame_002609.png,2,105,195,11123.500
frame_002610.png,2,105,195,11121.500
frame_002611.png,2,104,195,11101.500
frame_002612.png,2,103,195,11089.000
frame_002613.png,1,102,195,11076.500
frame_002614.png,1,102,195,11070.500
frame_002615.png,1,102,195,11057.000
frame_002616.png,1,102,195,11052.500
frame_002617.png,1,102,195,11040.500
frame_002618.png,1,102,195,11040.500
frame_002619.png,1,102,195,11033.500
frame_002620.png,1,102,195,11024.500
frame_002621.png,2,103,195,11017.500
frame_002622.png,2,104,195,11017.000
frame_002623.png,2,105,195,11016.500
frame_002624.png,2,105,195,11015.000
frame_002625.png,2,105,195,10995.000
frame_002626.png,2,105,195,10999.000
frame_002627.png,2,104,195,10989.000
frame_002628.png,2,104,195,10981.000
frame_002629.png,2,104,195,10978.000
frame_002630.png,2,104,195,10967.000
frame_002631.png,2,105,195,10961.000
frame_002632.png,2,105,195,10958.500
frame_002633.png,2,106,196,10945.000
frame_002634.png,2,106,196,10947.000
frame_002635.png,2,107,196,10943.000
frame_002636.png,2,108,196,10940.500
frame_002637.png,2,109,196,10930.000
frame_002638.png,2,110,196,10938.000
frame_002639.png,2,111,196,10932.500
frame_002640.png,2,111,196,10934.000
frame_002641.png,2,112,196,10937.000
frame_002642.png,2,112,196,10933.500
frame_002643.png,2,112,196,10925.000
frame_002644.png,2,112,196,10934.500
frame_002645.png,2,113,196,10929.000
frame_002646.png,2,113,196,10932.000
frame_002647.png,2,114,196,10934.500
frame_002648.png,2,114,196,10932.000
frame_002649.png,2,115,196,10934.500
frame_002650.png,2,115,196,10936.500
frame_002651.png,2,116,196,10936.500
frame_002652.png,2,117,196,10940.500
frame_002653.png,2,117,196,10939.000
frame_002654.png,2,118,196,10941.000
frame_002655.png,2,118,196,10946.000
frame_002656.png,2,118,196,10952.500
frame_002657.png,2,118,196,10949.500
frame_002658.png,2,118,196,10963.000
frame_002659.png,2,118,196,10968.500
frame_002660.png,2,118,196,10973.000
frame_002661.png,2,118,196,10971.500
frame_002662.png,2,118,196,10975.500
frame_002663.png,2,118,196,10977.000
frame_002664.png,2,118,196,10980.500
frame_002665.png,2,118,196,10990.000
frame_002666.png,2,118,196,10995.500
frame_002667.png,2,118,196,11006.000
frame_002668.png,2,119,196,11012.000
frame_002669.png,2,119,196,11017.500
frame_002670.png,2,120,196,11021.500
frame_002671.png,2,121,196,11036.000
frame_002672.png,2,121,196,11036.500
frame_002673.png,2,122,197,11037.500
frame_002674.png,2,122,197,11052.000
frame_002675.png,2,123,197,11049.500
frame_002676.png,2,124,197,11057.000
frame_002677.png,2,125,197,11067.000
frame_002678.png,2,125,197,11075.000
frame_002679.png,2,126,197,11079.000
frame_002680.png,2,127,197,11084.500
frame_002681.png,2,127,197,11095.500
frame_002682.png,2,128,197,11104.500
frame_002683.png,2,128,197,11121.500
frame_002684.png,2,129,197,11136.500
frame_002685.png,2,130,197,11152.500
frame_002686.png,2,130,197,11170.500
frame_002687.png,2,130,197,11194.500
frame_002688.png,2,131,197,11190.000
frame_002689.png,2,133,197,11187.500
frame_002690.png,2,134,197,11184.500
frame_002691.png,2,136,197,11188.000
frame_002692.png,2,136,197,11196.000
frame_002693.png,2,137,197,11200.000
frame_002694.png,2,138,197,11200.000
frame_002695.png,2,139,197,11210.000
frame_002696.png,2,139,197,11212.500
frame_002697.png,2,139,197,11214.000
frame_002698.png,2,139,197,11220.000
frame_002699.png,2,139,197,11224.500
frame_002700.png,2,139,197,11221.500
frame_002701.png,2,138,197,11238.000
frame_002702.png,2,138,197,11241.000
frame_002703.png,2,138,197,11247.500
frame_002704.png,2,139,197,11274.000
frame_002705.png,2,140,197,11275.500
frame_002706.png,2,141,197,11267.000
frame_002707.png,2,141,197,11247.000
frame_002708.png,2,142,197,11254.500
frame_002709.png,2,142,197,11245.000
frame_002710.png,2,142,197,11234.000
frame_002711.png,2,143,197,11224.500
frame_002712.png,2,143,198,11214.000
frame_002713.png,2,142,198,11201.500
frame_002714.png,2,142,198,11202.500
frame_002715.png,2,142,198,11195.000
frame_002716.png,2,141,198,11195.000
frame_002717.png,2,140,198,11188.500
frame_002718.png,2,140,198,11195.500
frame_002719.png,2,139,198,11211.000
frame_002720.png,2,139,198,11219.000
frame_002721.png,2,140,198,11227.000
frame_002722.png,2,140,198,11216.500
frame_002723.png,2,141,198,11197.000
frame_002724.png,2,141,198,11207.000
frame_002725.png,2,142,198,11187.500
frame_002726.png,2,142,198,11178.500
frame_002727.png,2,143,198,11163.500
frame_002728.png,2,143,198,11160.000
frame_002729.png,2,143,198,11131.000
frame_002730.png,2,142,198,11129.500
frame_002731.png,2,142,198,11127.000
frame_002732.png,2,142,198,11127.500
frame_002733.png,2,141,198,11119.000
frame_002734.png,2,141,198,11120.000
frame_002735.png,2,140,198,11119.500
frame_002736.png,2,140,198,11119.000
frame_002737.png,2,139,198,11127.000
frame_002738.png,2,140,198,11138.000
frame_002739.png,2,140,198,11117.000
frame_002740.png,2,141,198,11122.000
frame_002741.png,2,141,198,11101.000
frame_002742.png,2,141,198,11095.000
frame_002743.png,2,142,199,11060.000
frame_002744.png,2,141,199,11049.000
frame_002745.png,2,141,199,11042.500
frame_002746.png,2,141,199,11032.500
frame_002747.png,2,140,199,11028.500
frame_002748.png,2,140,199,11027.000
frame_002749.png,2,139,199,11020.500
frame_002750.png,2,139,199,11007.000
frame_002751.png,2,139,199,11020.500
frame_002752.png,2,138,199,11012.500
frame_002753.png,2,138,199,11024.500
frame_002754.png,2,137,199,11036.500
frame_002755.png,2,138,199,10998.500
frame_002756.png,2,138,199,10992.000
frame_002757.png,2,138,199,10988.500
frame_002758.png,2,138,199,10983.000
frame_002759.png,2,138,199,10983.000
frame_002760.png,2,138,199,10986.000
frame_002761.png,2,138,199,10987.500
frame_002762.png,2,138,199,10982.000
frame_002763.png,2,137,199,10999.000
frame_002764.png,2,137,199,11005.000
frame_002765.png,2,132,199,11027.000
frame_002766.png,2,138,200,10953.500
frame_002767.png,2,138,200,10956.000
frame_002768.png,2,138,200,10956.500
frame_002769.png,2,135,200,10987.000
frame_002770.png,2,129,200,11000.500
frame_002771.png,2,112,200,11070.500
frame_002772.png,2,112,200,11075.000
frame_002773.png,2,114,200,11074.500
frame_002774.png,2,115,200,11079.500
frame_002775.png,2,118,200,11105.500
frame_002776.png,2,119,200,11108.500
frame_002777.png,2,121,200,11105.000
frame_002778.png,2,122,200,11109.000
frame_002779.png,2,123,200,11109.500
frame_002780.png,2,124,200,11115.500
frame_002781.png,2,125,200,11133.000
frame_002782.png,2,126,200,11117.000
frame_002783.png,2,127,201,11104.000
frame_002784.png,2,128,201,11104.500
frame_002785.png,2,128,201,11105.000
frame_002786.png,2,128,201,11095.000
frame_002787.png,2,128,201,11075.500
frame_002788.png,2,128,201,11082.000
frame_002789.png,2,128,201,11084.500
frame_002790.png,2,128,201,11076.000
frame_002791.png,2,128,202,11067.500
frame_002792.png,2,128,202,11068.000
frame_002793.png,2,128,202,11071.500
frame_002794.png,2,128,202,11055.000
frame_002795.png,2,128,202,11050.500
frame_002796.png,2,128,202,11040.000
frame_002797.png,2,128,202,11026.000
frame_002798.png,2,128,203,11023.500
frame_002799.png,2,128,203,11006.500
frame_002800.png,2,128,203,11008.000
frame_002801.png,2,128,203,11024.000
frame_002802.png,2,128,203,11056.000
frame_002803.png,2,128,204,11066.000
frame_002804.png,2,128,204,11085.500
frame_002805.png,2,128,204,11094.000
frame_002806.png,2,128,204,11103.000
frame_002807.png,2,128,204,11128.000
frame_002808.png,2,128,204,11122.000
frame_002809.png,2,128,205,11125.000
frame_002810.png,2,128,205,11123.500
frame_002811.png,2,128,205,11152.500
frame_002812.png,2,127,205,11158.500
frame_002813.png,2,126,206,11175.000
frame_002814.png,2,125,206,11196.500
frame_002815.png,2,125,206,11225.000
frame_002816.png,2,123,207,11231.500
frame_002817.png,2,122,207,11235.000
frame_002818.png,2,120,207,11224.000
frame_002819.png,2,117,207,11228.000
frame_002820.png,2,116,208,11232.000
frame_002821.png,2,114,208,11223.000
frame_002822.png,2,113,208,11223.000
frame_002823.png,2,112,209,11246.000
frame_002824.png,2,112,209,11248.000
frame_002825.png,2,111,209,11259.000
frame_002826.png,2,110,209,11288.000
frame_002827.png,2,110,210,11312.500
frame_002828.png,2,109,210,11322.000
frame_002829.png,2,109,210,11294.500
frame_002830.png,2,107,210,11267.000
frame_002831.png,2,107,211,11222.500
frame_002832.png,2,106,211,11183.500
frame_002833.png,2,105,211,11165.500
frame_002834.png,2,104,211,11144.000
frame_002835.png,2,104,211,11143.500
frame_002836.png,2,104,211,11149.000
frame_002837.png,2,104,211,11171.500
frame_002838.png,2,104,211,11195.500
frame_002839.png,2,104,211,11246.500
frame_002840.png,2,104,211,11276.000
frame_002841.png,2,105,211,11286.000
frame_002842.png,2,105,211,11288.000
frame_002843.png,2,106,211,11235.000
frame_002844.png,1,102,211,11185.000
frame_002845.png,2,105,211,11104.000
frame_002846.png,2,103,211,11044.000
frame_002847.png,1,102,211,10998.000
frame_002848.png,1,100,211,10929.500
frame_002849.png,1,99,211,10908.000
frame_002850.png,1,98,211,10909.500
frame_002851.png,1,98,211,10942.000
frame_002852.png,1,98,210,10984.000
frame_002853.png,1,98,210,11039.000
frame_002854.png,1,98,210,11059.000
frame_002855.png,1,98,210,11075.500
frame_002856.png,1,98,209,11064.500
frame_002857.png,1,99,209,11012.000
frame_002858.png,1,98,209,10950.000
frame_002859.png,1,96,208,10883.500
frame_002860.png,1,95,208,10864.500
frame_002861.png,1,94,208,10885.000
frame_002862.png,1,93,207,10950.500
frame_002863.png,1,92,206,11065.500
frame_002864.png,1,92,206,11137.000
frame_002865.png,1,92,205,11282.500
frame_002866.png,1,92,205,11384.000
frame_002867.png,1,92,204,11546.500
frame_002868.png,1,92,203,11593.000
frame_002869.png,1,93,203,11724.000
frame_002870.png,1,94,202,11784.000
frame_002871.png,1,95,201,11844.000
frame_002872.png,1,95,200,11851.500
frame_002873.png,1,94,196,11910.500
frame_002874.png,1,93,196,11940.000
frame_002875.png,1,92,196,11931.000
frame_002876.png,1,92,196,11914.500
frame_002877.png,1,93,196,11845.000
frame_002878.png,1,93,196,11797.000
frame_002879.png,1,94,196,11703.000
frame_002880.png,1,94,196,11657.000
frame_002881.png,1,96,196,11596.000
frame_002882.png,1,97,196,11551.500
frame_002883.png,1,99,196,11510.000
frame_002884.png,1,100,196,11483.000
frame_002885.png,1,101,196,11453.000
frame_002886.png,1,102,196,11450.500
frame_002887.png,1,100,196,11446.500
frame_002888.png,1,100,196,11427.000
frame_002889.png,1,100,196,11376.500
frame_002890.png,1,101,196,11331.000
frame_002891.png,1,99,196,11289.500
frame_002892.png,1,99,196,11274.500
frame_002893.png,1,100,196,11225.500
frame_002894.png,1,101,196,11191.500
frame_002895.png,1,101,196,11163.500
frame_002896.png,1,100,196,11153.000
frame_002897.png,1,100,196,11116.000
frame_002898.png,2,103,196,11089.000
frame_002899.png,2,104,196,11064.500
frame_002900.png,2,103,196,11058.000
frame_002901.png,2,103,196,11046.000
frame_002902.png,2,103,196,11030.000
frame_002903.png,2,103,196,11032.500
frame_002904.png,2,103,196,11026.500
frame_002905.png,2,104,196,11027.000
frame_002906.png,2,104,196,11014.000
frame_002907.png,2,105,196,11006.500
frame_002908.png,2,104,196,10996.500
frame_002909.png,2,104,196,10985.500
frame_002910.png,2,104,196,10975.500
frame_002911.png,2,104,196,10958.000
frame_002912.png,2,104,196,10955.000
frame_002913.png,2,104,196,10944.000
frame_002914.png,2,104,196,10936.500
frame_002915.png,2,105,196,10927.000
frame_002916.png,2,105,196,10935.500
frame_002917.png,2,106,196,10923.500
frame_002918.png,2,106,196,10922.500
frame_002919.png,2,107,196,10912.500
frame_002920.png,2,108,196,10920.500
frame_002921.png,2,109,196,10909.000
frame_002922.png,2,110,196,10911.000
frame_002923.png,2,111,196,10912.500
frame_002924.png,2,112,196,10912.500
frame_002925.png,2,113,196,10903.000
frame_002926.png,2,114,196,10906.000
frame_002927.png,2,115,196,10903.000
frame_002928.png,2,115,196,10904.500
frame_002929.png,2,115,196,10899.500
frame_002930.png,2,116,196,10903.500
frame_002931.png,2,116,196,10894.500
frame_002932.png,2,117,196,10906.000
frame_002933.png,2,117,196,10912.500
frame_002934.png,2,118,197,10904.500
frame_002935.png,2,118,197,10907.000
frame_002936.png,2,118,197,10910.500
frame_002937.png,2,118,197,10906.000
frame_002938.png,2,117,197,10918.000
frame_002939.png,2,118,197,10911.500
frame_002940.png,2,118,197,10907.500
frame_002941.png,2,118,197,10917.000
frame_002942.png,2,119,197,10917.500
frame_002943.png,2,119,197,10916.000
frame_002944.png,2,119,197,10923.500
frame_002945.png,2,119,197,10923.500
frame_002946.png,2,119,197,10933.500
frame_002947.png,2,120,197,10925.500
frame_002948.png,2,120,197,10932.500
frame_002949.png,2,120,197,10958.000
frame_002950.png,2,121,197,10955.500
frame_002951.png,2,121,197,10941.000
frame_002952.png,2,121,197,10928.000
frame_002953.png,2,122,197,10949.500
frame_002954.png,2,122,197,10947.500
frame_002955.png,2,123,197,10959.500
frame_002956.png,2,123,197,10947.500
frame_002957.png,2,123,197,10962.500
frame_002958.png,2,124,197,10969.500
frame_002959.png,2,124,197,10976.000
frame_002960.png,2,124,197,10980.500
frame_002961.png,2,125,197,10982.500
frame_002962.png,2,125,197,10994.000
frame_002963.png,2,126,197,10999.000
frame_002964.png,2,127,197,11001.000
frame_002965.png,2,128,197,11001.500
frame_002966.png,2,129,197,11004.000
frame_002967.png,2,130,197,11009.500
frame_002968.png,2,130,198,11008.000
frame_002969.png,2,131,198,11000.500
frame_002970.png,2,131,198,11008.000
frame_002971.png,2,132,198,11004.500
frame_002972.png,2,132,198,10996.500
frame_002973.png,2,133,198,11015.000
frame_002974.png,2,133,198,11026.000
frame_002975.png,2,133,198,11028.500
frame_002976.png,2,134,198,11028.000
frame_002977.png,2,134,198,11046.500
frame_002978.png,2,134,198,11060.500
frame_002979.png,2,135,198,11073.500
frame_002980.png,2,136,198,11070.500
frame_002981.png,2,137,198,11047.000
frame_002982.png,2,138,198,11054.500
frame_002983.png,2,138,198,11049.500
frame_002984.png,2,139,198,11053.000
frame_002985.png,2,140,198,11050.000
frame_002986.png,2,140,198,11045.000
frame_002987.png,2,139,198,11047.500
frame_002988.png,2,139,198,11036.000
frame_002989.png,2,138,198,11043.500
frame_002990.png,2,138,198,11030.500
frame_002991.png,2,138,198,11044.500
frame_002992.png,2,138,198,11072.500
frame_002993.png,2,138,198,11074.000
frame_002994.png,2,138,198,11083.500
frame_002995.png,2,139,198,11083.500
frame_002996.png,2,141,198,11083.000
frame_002997.png,2,141,198,11082.000
frame_002998.png,2,141,199,11051.000
frame_002999.png,2,141,199,11043.000
